Workbook
Name TeamList: 'Power Ratings'!$B$2:$B$139

Sheet New
A2: Team | B2: Games played | C2: Talent Composite | D2: Talent Points | E2: ESPN FPI | F2: Overall SP+ | G2: Turnover margin | H2: Off SP+ | I2: Off PPA | J2: Off YPP | K2: Off Havoc Rate | L2: Off Success Rate | M2: First Downs | N2: Time of possession | O2: Def SP+ | P2: Def PPA | Q2: Def YPP | R2: Def Havoc Rate | S2: Def Success Rate | T2: Opponent First Downs | U2: Special Teams SP+ | V2: FG (Made/Attempted) | W2: Avg Punt Yards | X2: Avg Punt Return Yds gained | Y2: Avg Kick Return Yds gained | Z2: opponent Average Punt Return Yds | AA2: opponent average kick return Yds
A3: Air Force | B3: 2 | C3: 272.35 | D3: =IFERROR(INDEX('Power Ratings'!$L$2:$L$139,MATCH($A3,'Power Ratings'!$B$2:$B$139,0)),"") | E3: -5.87 | F3: -2.8 | G3: 2 | H3: 25.4 | I3: 0.32 | J3: 5.81 | K3: 0.054 | L3: 0.524 | M3: 49 | N3: 35:52 | O3: 28.3 | P3: -0.08 | Q3: 4.67 | R3: 0.142 | S3: 0.311 | T3: 26 | U3: 0.1 | V3: 2/3 | W3: 56 | X3: 0 | Z3: 40
A4: Akron | B4: 3 | C4: 546.84 | D4: =IFERROR(INDEX('Power Ratings'!$L$2:$L$139,MATCH($A4,'Power Ratings'!$B$2:$B$139,0)),"") | E4: -17.883 | F4: -20.8 | G4: -1 | H4: 13.4 | I4: 0.08 | J4: 5.22 | K4: 0.199 | L4: 0.463 | M4: 64 | N4: 30:35 | O4: 33.6 | P4: 0.18 | Q4: 6.34 | R4: 0.175 | S4: 0.41 | T4: 52 | U4: -0.6 | V4: 2/2 | W4: 42 | X4: 6.3 | Y4: 35 | Z4: 20.7 | AA4: 23.8
A5: Alabama | B5: 3 | C5: 973.53 | D5: =IFERROR(INDEX('Power Ratings'!$L$2:$L$139,MATCH($A5,'Power Ratings'!$B$2:$B$139,0)),"") | E5: 22.458 | F5: 19.5 | G5: 3 | H5: 34.5 | I5: 0.28 | J5: 6.65 | K5: 0.157 | L5: 0.5 | M5: 75 | N5: 34:25 | O5: 14.7 | P5: -0.11 | Q5: 4.98 | R5: 0.218 | S5: 0.333 | T5: 36 | U5: -0.3 | V5: 8/8 | W5: 48.6 | X5: 8.4 | Y5: 19.7 | Z5: 0 | AA5: 14.2
A6: Appalachian State | B6: 3 | C6: 621.61 | D6: =IFERROR(INDEX('Power Ratings'!$L$2:$L$139,MATCH($A6,'Power Ratings'!$B$2:$B$139,0)),"") | E6: -4.991 | F6: -6.3 | G6: 3 | H6: 23.4 | I6: 0.28 | J6: 6.72 | K6: 0.116 | L6: 0.48 | M6: 77 | N6: 34:14 | O6: 30.1 | P6: 0 | Q6: 4.76 | R6: 0.187 | S6: 0.378 | T6: 49 | U6: 0.3 | V6: 6/7 | W6: 41.5 | X6: 3.7 | Y6: 11.2 | Z6: 2 | AA6: 19
A7: Arizona | B7: 3 | C7: 699.59 | D7: =IFERROR(INDEX('Power Ratings'!$L$2:$L$139,MATCH($A7,'Power Ratings'!$B$2:$B$139,0)),"") | E7: 5.899 | F7: 9.8 | G7: -4 | H7: 31.7 | I7: 0.23 | J7: 6.51 | K7: 0.108 | L7: 0.52 | M7: 69 | N7: 32:04 | O7: 21.6 | P7: 0.04 | Q7: 5.14 | R7: 0.156 | S7: 0.363 | T7: 45 | U7: -0.4 | V7: 1/1 | W7: 44 | X7: 24.7 | Y7: 28.5 | AA7: 46
A8: Arizona State | B8: 3 | C8: 722 | D8: =IFERROR(INDEX('Power Ratings'!$L$2:$L$139,MATCH($A8,'Power Ratings'!$B$2:$B$139,0)),"") | E8: 3.765 | F8: 5.3 | G8: -1 | H8: 27.5 | I8: 0.06 | J8: 6.39 | K8: 0.163 | L8: 0.416 | M8: 61 | N8: 30:11 | O8: 21.7 | P8: 0.02 | Q8: 4.68 | R8: 0.159 | S8: 0.37 | T8: 47 | U8: -0.5 | V8: 3/3 | W8: 42.2 | X8: 4 | Y8: 46 | Z8: 32.7 | AA8: 17.8
A9: Arkansas | B9: 3 | C9: 745.48 | D9: =IFERROR(INDEX('Power Ratings'!$L$2:$L$139,MATCH($A9,'Power Ratings'!$B$2:$B$139,0)),"") | E9: -1.557 | F9: -0.3 | G9: -3 | H9: 30.6 | I9: 0.04 | J9: 4.59 | K9: 0.195 | L9: 0.425 | M9: 68 | N9: 32:34 | O9: 31.1 | P9: 0.23 | Q9: 6.27 | R9: 0.132 | S9: 0.454 | T9: 54 | U9: 0.3 | V9: 3/4 | W9: 42.8 | X9: 14 | Y9: 25 | Z9: 3
A10: Arkansas State | B10: 3 | C10: 606.22 | D10: =IFERROR(INDEX('Power Ratings'!$L$2:$L$139,MATCH($A10,'Power Ratings'!$B$2:$B$139,0)),"") | E10: -10.196 | F10: -9.5 | G10: 2 | H10: 23.7 | I10: 0.12 | J10: 6.39 | K10: 0.138 | L10: 0.489 | M10: 54 | N10: 29:20 | O10: 33.3 | P10: 0.19 | Q10: 6.54 | R10: 0.126 | S10: 0.447 | T10: 58 | U10: 0.1 | V10: 2/2 | W10: 38.1 | X10: 6.8 | Y10: 4 | Z10: 6.5 | AA10: 15
A11: Army | B11: 2 | C11: 303.83 | D11: =IFERROR(INDEX('Power Ratings'!$L$2:$L$139,MATCH($A11,'Power Ratings'!$B$2:$B$139,0)),"") | E11: -2.68 | F11: 0.2 | G11: -1 | H11: 26.5 | I11: 0.42 | J11: 7.54 | K11: 0.051 | L11: 0.588 | M11: 52 | N11: 34:22 | O11: 26.3 | P11: 0.11 | Q11: 4.94 | R11: 0.155 | S11: 0.418 | T11: 30 | U11: 0.1 | V11: 2/3 | W11: 49 | X11: 17.4 | Y11: 19 | Z11: 7 | AA11: 15.6
A12: Auburn | B12: 3 | C12: 828.19 | D12: =IFERROR(INDEX('Power Ratings'!$L$2:$L$139,MATCH($A12,'Power Ratings'!$B$2:$B$139,0)),"") | E12: 12.866 | F12: 11.6 | G12: 0 | H12: 29.3 | I12: 0.14 | J12: 6.07 | K12: 0.163 | L12: 0.449 | M12: 77 | N12: 27:00 | O12: 18 | P12: 0.04 | Q12: 4.94 | R12: 0.164 | S12: 0.378 | T12: 63 | U12: 0.3 | V12: 4/5 | W12: 40.2 | X12: 0 | Y12: 22.2 | Z12: 6.5
A13: BYU | B13: 3 | C13: 689.42 | D13: =IFERROR(INDEX('Power Ratings'!$L$2:$L$139,MATCH($A13,'Power Ratings'!$B$2:$B$139,0)),"") | E13: 15.196 | F13: 17.5 | G13: 4 | H13: 35 | I13: 0.45 | J13: 7.94 | K13: 0.059 | L13: 0.599 | M13: 67 | N13: 31:05 | O13: 17.7 | P13: -0.06 | Q13: 4.44 | R13: 0.171 | S13: 0.369 | T13: 48 | U13: 0.3 | V13: 2/3 | W13: 48.1 | X13: 16.7 | Y13: 42 | Z13: 5 | AA13: 34
A14: Ball State | B14: 3 | C14: 563.88 | D14: =IFERROR(INDEX('Power Ratings'!$L$2:$L$139,MATCH($A14,'Power Ratings'!$B$2:$B$139,0)),"") | E14: -21.598 | F14: -24.3 | G14: 1 | H14: 13.5 | I14: 0.04 | J14: 4.93 | K14: 0.205 | L14: 0.358 | M14: 53 | N14: 29:50 | O14: 37.2 | P14: 0.37 | Q14: 7.3 | R14: 0.129 | S14: 0.49 | T14: 70 | U14: -0.5 | V14: 3/4 | W14: 43.2 | X14: 19 | Y14: 15.8 | Z14: 2.4 | AA14: 17.5
A15: Baylor | B15: 3 | C15: 723.28 | D15: =IFERROR(INDEX('Power Ratings'!$L$2:$L$139,MATCH($A15,'Power Ratings'!$B$2:$B$139,0)),"") | E15: 8.095 | F15: 6.8 | G15: -1 | H15: 31.7 | I15: 0.14 | J15: 5.6 | K15: 0.157 | L15: 0.416 | M15: 81 | N15: 31:32 | O15: 25.4 | P15: -0.1 | Q15: 4.18 | R15: 0.202 | S15: 0.308 | T15: 56 | U15: 0.6 | V15: 5/7 | W15: 50.9 | X15: 5.8 | Y15: 31.5 | Z15: 2 | AA15: 17
A16: Boise State | B16: 3 | C16: 641.17 | D16: =IFERROR(INDEX('Power Ratings'!$L$2:$L$139,MATCH($A16,'Power Ratings'!$B$2:$B$139,0)),"") | E16: 8.137 | F16: 6.9 | G16: 2 | H16: 31.2 | I16: 0.28 | J16: 6.32 | K16: 0.103 | L16: 0.493 | M16: 75 | N16: 37:05 | O16: 24.1 | P16: 0.08 | Q16: 7.85 | R16: 0.21 | S16: 0.347 | T16: 46 | U16: -0.2 | V16: 4/4 | W16: 44.8 | X16: 17.8 | Y16: 30 | Z16: 1 | AA16: 17.7
A17: Boston College | B17: 3 | C17: 660 | D17: =IFERROR(INDEX('Power Ratings'!$L$2:$L$139,MATCH($A17,'Power Ratings'!$B$2:$B$139,0)),"") | E17: -5.793 | F17: -4.9 | G17: 0 | H17: 22.8 | I17: -0.04 | J17: 5.92 | K17: 0.162 | L17: 0.399 | M17: 60 | N17: 28:53 | O17: 28 | P17: 0.03 | Q17: 5.09 | R17: 0.176 | S17: 0.382 | T17: 54 | U17: 0.3 | V17: 4/5 | W17: 41.4 | X17: 6.7 | Y17: 16.5 | Z17: 6 | AA17: 19.7
A18: Bowling Green | B18: 3 | C18: 568.33 | D18: =IFERROR(INDEX('Power Ratings'!$L$2:$L$139,MATCH($A18,'Power Ratings'!$B$2:$B$139,0)),"") | E18: -23.195 | F18: -22 | G18: -3 | H18: 11.9 | I18: -0.08 | J18: 4.32 | K18: 0.183 | L18: 0.343 | M18: 40 | N18: 30:08 | O18: 34.2 | P18: 0.32 | Q18: 8.11 | R18: 0.085 | S18: 0.503 | T18: 72 | U18: 0.2 | V18: 2/2 | W18: 43.9 | Y18: 15.9 | Z18: 11.6 | AA18: 32.3
A19: Buffalo | B19: 3 | C19: 549.31 | D19: =IFERROR(INDEX('Power Ratings'!$L$2:$L$139,MATCH($A19,'Power Ratings'!$B$2:$B$139,0)),"") | E19: -16.593 | F19: -16.1 | G19: -4 | H19: 14.3 | I19: 0.02 | J19: 3.93 | K19: 0.177 | L19: 0.288 | M19: 44 | N19: 30:00 | O19: 30.9 | P19: 0.14 | Q19: 6.46 | R19: 0.149 | S19: 0.385 | T19: 66 | U19: 0.5 | V19: 4/4 | W19: 46.4 | X19: 6.8 | Y19: 12.8 | Z19: 10.5 | AA19: 17
A20: California | B20: 3 | C20: 751.92 | D20: =IFERROR(INDEX('Power Ratings'!$L$2:$L$139,MATCH($A20,'Power Ratings'!$B$2:$B$139,0)),"") | E20: -1.504 | F20: 0.8 | G20: 0 | H20: 27.6 | I20: 0.09 | J20: 5.89 | K20: 0.164 | L20: 0.418 | M20: 67 | N20: 30:50 | O20: 26.5 | P20: 0 | Q20: 5.5 | R20: 0.134 | S20: 0.371 | T20: 57 | U20: -0.3 | V20: 3/5 | W20: 37.6 | X20: 1.8 | Y20: 20.3 | Z20: 14.5 | AA20: 26.9
A21: Central Michigan | B21: 3 | C21: 540.01 | D21: =IFERROR(INDEX('Power Ratings'!$L$2:$L$139,MATCH($A21,'Power Ratings'!$B$2:$B$139,0)),"") | E21: -16.155 | F21: -14.9 | G21: 1 | H21: 14.9 | I21: 0.03 | J21: 4.5 | K21: 0.141 | L21: 0.379 | M21: 45 | N21: 30:20 | O21: 29.6 | P21: 0.08 | Q21: 4.87 | R21: 0.148 | S21: 0.434 | T21: 60 | U21: -0.2 | V21: 1/2 | W21: 41.6 | X21: 8 | Y21: 24.5 | Z21: 17 | AA21: 22
A22: Charlotte | B22: 3 | C22: 576.77 | D22: =IFERROR(INDEX('Power Ratings'!$L$2:$L$139,MATCH($A22,'Power Ratings'!$B$2:$B$139,0)),"") | E22: -15.012 | F22: -24.1 | G22: -2 | H22: 15 | I22: 0.02 | J22: 5.68 | K22: 0.141 | L22: 0.384 | M22: 53 | N22: 31:20 | O22: 38.7 | P22: 0.25 | Q22: 6.37 | R22: 0.113 | S22: 0.502 | T22: 63 | U22: -0.4 | V22: 3/4 | W22: 43.4 | X22: 3 | Y22: 18 | Z22: 12.8 | AA22: 13
A23: Cincinnati | B23: 3 | C23: 634.28 | D23: =IFERROR(INDEX('Power Ratings'!$L$2:$L$139,MATCH($A23,'Power Ratings'!$B$2:$B$139,0)),"") | E23: 5.838 | F23: 8 | G23: 4 | H23: 32.3 | I23: 0.36 | J23: 6.8 | K23: 0.096 | L23: 0.516 | M23: 74 | N23: 31:35 | O23: 24.6 | P23: 0.05 | Q23: 5.59 | R23: 0.201 | S23: 0.392 | T23: 57 | U23: 0.3 | V23: 2/3 | W23: 46 | X23: 7.2 | Y23: 23.3 | Z23: 2 | AA23: 25.7
A24: Clemson | B24: 3 | C24: 862.85 | D24: =IFERROR(INDEX('Power Ratings'!$L$2:$L$139,MATCH($A24,'Power Ratings'!$B$2:$B$139,0)),"") | E24: 6.106 | F24: 7.1 | G24: -1 | H24: 26.4 | I24: -0.06 | J24: 4.75 | K24: 0.211 | L24: 0.335 | M24: 50 | N24: 27:20 | O24: 19.6 | P24: 0.1 | Q24: 5.5 | R24: 0.152 | S24: 0.426 | T24: 72 | U24: 0.3 | V24: 9/9 | W24: 40 | X24: 7.5 | Y24: 21.5 | Z24: 4.3 | AA24: 16.5
A25: Coastal Carolina | B25: 3 | C25: 573.96 | D25: =IFERROR(INDEX('Power Ratings'!$L$2:$L$139,MATCH($A25,'Power Ratings'!$B$2:$B$139,0)),"") | E25: -8.279 | F25: -10.2 | G25: 1 | H25: 23.1 | I25: 0.23 | J25: 6.55 | K25: 0.212 | L25: 0.46 | M25: 66 | N25: 28:17 | O25: 32.9 | P25: 0.04 | Q25: 5.33 | R25: 0.157 | S25: 0.414 | T25: 51 | U25: -0.3 | V25: 2/2 | W25: 42.9 | X25: 14.8 | Y25: 18.2 | AA25: 16.3
A26: Colorado | B26: 3 | C26: 731.62 | D26: =IFERROR(INDEX('Power Ratings'!$L$2:$L$139,MATCH($A26,'Power Ratings'!$B$2:$B$139,0)),"") | E26: -0.678 | F26: -1.2 | G26: -2 | H26: 24.9 | I26: 0.14 | J26: 5.84 | K26: 0.16 | L26: 0.415 | M26: 63 | N26: 29:07 | O26: 25.7 | P26: 0.04 | Q26: 5.21 | R26: 0.201 | S26: 0.392 | T26: 61 | U26: -0.4 | V26: 1/3 | W26: 43 | X26: 2.8 | Y26: 17.8 | Z26: 2.8 | AA26: 37.2
A27: Colorado State | B27: 3 | C27: 640.31 | D27: =IFERROR(INDEX('Power Ratings'!$L$2:$L$139,MATCH($A27,'Power Ratings'!$B$2:$B$139,0)),"") | E27: -6.12 | F27: -6.6 | G27: 8 | H27: 21.7 | I27: 0.26 | J27: 6.85 | K27: 0.172 | L27: 0.451 | M27: 58 | N27: 27:32 | O27: 28.2 | P27: 0.06 | Q27: 7.28 | R27: 0.211 | S27: 0.456 | T27: 56 | U27: -0.1 | V27: 3/4 | W27: 42.3 | X27: 14.2 | Y27: 25 | Z27: 6.4 | AA27: 23.7
A28: Delaware | B28: 3 | C28: 483.48 | D28: =IFERROR(INDEX('Power Ratings'!$L$2:$L$139,MATCH($A28,'Power Ratings'!$B$2:$B$139,0)),"") | E28: -3.965 | F28: -8.1 | G28: 2 | H28: 24.5 | I28: 0.11 | J28: 6.27 | K28: 0.205 | L28: 0.42 | M28: 67 | N28: 30:15 | O28: 32.3 | P28: -0.02 | Q28: 4.84 | R28: 0.208 | S28: 0.362 | T28: 51 | U28: -0.3 | V28: 2/4 | W28: 41.5 | X28: 6 | Y28: 19 | Z28: 13.5 | AA28: 20.7
A29: Duke | B29: 3 | C29: 668.47 | D29: =IFERROR(INDEX('Power Ratings'!$L$2:$L$139,MATCH($A29,'Power Ratings'!$B$2:$B$139,0)),"") | E29: 9.144 | F29: 7 | G29: 1 | H29: 31.9 | I29: 0.2 | J29: 5.99 | K29: 0.097 | L29: 0.406 | M29: 61 | N29: 33:32 | O29: 25.2 | P29: -0.06 | Q29: 4.82 | R29: 0.162 | S29: 0.389 | T29: 48 | U29: 0.3 | V29: 2/3 | W29: 47.1 | X29: 2 | Y29: 18 | Z29: 10.8 | AA29: 20.2
A30: East Carolina | B30: 3 | C30: 623.79 | D30: =IFERROR(INDEX('Power Ratings'!$L$2:$L$139,MATCH($A30,'Power Ratings'!$B$2:$B$139,0)),"") | E30: -4.565 | F30: -5.6 | G30: -1 | H30: 22.1 | I30: -0.03 | J30: 4.72 | K30: 0.171 | L30: 0.354 | M30: 44 | N30: 25:13 | O30: 27.5 | P30: 0.07 | Q30: 5.33 | R30: 0.147 | S30: 0.396 | T30: 63 | U30: -0.1 | V30: 4/5 | W30: 47.1 | X30: 3 | Z30: 8.6 | AA30: 16.9
A31: Eastern Michigan | B31: 4 | C31: 580.64 | D31: =IFERROR(INDEX('Power Ratings'!$L$2:$L$139,MATCH($A31,'Power Ratings'!$B$2:$B$139,0)),"") | E31: -19.315 | F31: -18.9 | G31: 0 | H31: 15.8 | I31: -0.1 | J31: 4.29 | K31: 0.191 | L31: 0.352 | M31: 62 | N31: 30:00 | O31: 34.5 | P31: 0.16 | Q31: 6.1 | R31: 0.173 | S31: 0.442 | T31: 79 | U31: -0.2 | V31: 1/3 | W31: 42.5 | X31: 8 | Y31: 20.3 | Z31: 8.2 | AA31: 15
A32: Florida | B32: 3 | C32: 891.07 | D32: =IFERROR(INDEX('Power Ratings'!$L$2:$L$139,MATCH($A32,'Power Ratings'!$B$2:$B$139,0)),"") | E32: 16.369 | F32: 17.8 | G32: 2 | H32: 34.2 | I32: 0.43 | J32: 7.97 | K32: 0.111 | L32: 0.486 | M32: 78 | N32: 33:06 | O32: 16.9 | P32: -0.08 | Q32: 4.47 | R32: 0.217 | S32: 0.363 | T32: 58 | U32: 0.5 | V32: 5/5 | W32: 44 | X32: 31.5 | Y32: 15 | AA32: 21.7
A33: Florida Atlantic | B33: 3 | C33: 593.36 | D33: =IFERROR(INDEX('Power Ratings'!$L$2:$L$139,MATCH($A33,'Power Ratings'!$B$2:$B$139,0)),"") | E33: -10.355 | F33: -7.4 | G33: 3 | H33: 26.4 | I33: 0.08 | J33: 4.62 | K33: 0.167 | L33: 0.414 | M33: 69 | N33: 29:29 | O33: 34.2 | P33: 0.22 | Q33: 6.74 | R33: 0.163 | S33: 0.429 | T33: 69 | U33: 0.4 | V33: 4/6 | W33: 41.4 | X33: 10 | Y33: 18.5 | Z33: 4.5 | AA33: 16.5
A34: Florida International | B34: 3 | C34: 607.56 | D34: =IFERROR(INDEX('Power Ratings'!$L$2:$L$139,MATCH($A34,'Power Ratings'!$B$2:$B$139,0)),"") | E34: -10.822 | F34: -12.3 | G34: -4 | H34: 19.5 | I34: -0.01 | J34: 5.58 | K34: 0.158 | L34: 0.38 | M34: 62 | N34: 34:00 | O34: 31.6 | P34: -0.01 | Q34: 4.1 | R34: 0.164 | S34: 0.349 | T34: 44 | U34: -0.2 | V34: 4/5 | W34: 43 | X34: 5.8 | Y34: 10 | Z34: 2.7 | AA34: 15.2
A35: Florida State | B35: 3 | C35: 800.2 | D35: =IFERROR(INDEX('Power Ratings'!$L$2:$L$139,MATCH($A35,'Power Ratings'!$B$2:$B$139,0)),"") | E35: 7.796 | F35: 5.5 | G35: 0 | H35: 30.2 | I35: 0.19 | J35: 6.13 | K35: 0.17 | L35: 0.41 | M35: 53 | N35: 30:33 | O35: 24.5 | P35: 0.31 | Q35: 7.39 | R35: 0.149 | S35: 0.463 | T35: 67 | U35: -0.2 | V35: 3/3 | W35: 44 | X35: 5.5 | Y35: 20.2 | Z35: 2.5 | AA35: 20.3
A36: Fresno State | B36: 3 | C36: 609.75 | D36: =IFERROR(INDEX('Power Ratings'!$L$2:$L$139,MATCH($A36,'Power Ratings'!$B$2:$B$139,0)),"") | E36: -0.545 | F36: -0.4 | G36: 5 | H36: 21.5 | I36: 0.07 | J36: 5.78 | K36: 0.134 | L36: 0.346 | M36: 51 | N36: 28:44 | O36: 22 | P36: -0.04 | Q36: 5.66 | R36: 0.146 | S36: 0.422 | T36: 56 | U36: 0 | V36: 6/7 | W36: 40.2 | X36: 20.2 | Y36: 14 | Z36: 5.2 | AA36: 12.2
A37: Georgia | B37: 3 | C37: 1003.67 | D37: =IFERROR(INDEX('Power Ratings'!$L$2:$L$139,MATCH($A37,'Power Ratings'!$B$2:$B$139,0)),"") | E37: 27.069 | F37: 28.2 | G37: 3 | H37: 40.7 | I37: 0.55 | J37: 8.84 | K37: 0.111 | L37: 0.577 | M37: 72 | N37: 31:00 | O37: 13 | P37: -0.09 | Q37: 3.27 | R37: 0.199 | S37: 0.332 | T37: 45 | U37: 0.5 | V37: 1/1 | W37: 48 | X37: 11.9 | Y37: 29.2 | Z37: 10 | AA37: 21.5
A38: Georgia Southern | B38: 3 | C38: 634.19 | D38: =IFERROR(INDEX('Power Ratings'!$L$2:$L$139,MATCH($A38,'Power Ratings'!$B$2:$B$139,0)),"") | E38: -7.763 | F38: -7.7 | G38: 2 | H38: 22.7 | I38: 0.05 | J38: 5.34 | K38: 0.174 | L38: 0.399 | M38: 62 | N38: 33:32 | O38: 30.4 | P38: -0.05 | Q38: 4.19 | R38: 0.236 | S38: 0.298 | T38: 49 | U38: 0 | V38: 3/5 | W38: 42.9 | X38: 4.3 | Y38: 20 | Z38: 20.7 | AA38: 17
A39: Georgia State | B39: 3 | C39: 573.83 | D39: =IFERROR(INDEX('Power Ratings'!$L$2:$L$139,MATCH($A39,'Power Ratings'!$B$2:$B$139,0)),"") | E39: -8.754 | F39: -19.6 | G39: -3 | H39: 20.2 | I39: 0.26 | J39: 6.8 | K39: 0.096 | L39: 0.491 | M39: 76 | N39: 34:38 | O39: 39.2 | P39: 0.06 | Q39: 5.61 | R39: 0.154 | S39: 0.373 | T39: 44 | U39: -0.5 | V39: 7/7 | W39: 39 | X39: 13.2 | Y39: 24.5 | Z39: 33.5 | AA39: 22.4
A40: Georgia Tech | B40: 3 | C40: 751.65 | D40: =IFERROR(INDEX('Power Ratings'!$L$2:$L$139,MATCH($A40,'Power Ratings'!$B$2:$B$139,0)),"") | E40: 2.135 | F40: 4.4 | G40: -1 | H40: 27.9 | I40: 0.11 | J40: 5.61 | K40: 0.159 | L40: 0.439 | M40: 62 | N40: 28:07 | O40: 24 | P40: 0.11 | Q40: 5.17 | R40: 0.173 | S40: 0.409 | T40: 60 | U40: 0.4 | V40: 4/6 | W40: 44.1 | X40: 8.7 | Y40: 49.6 | Z40: 2 | AA40: 12
A41: Hawaii | B41: 3 | C41: 556.82 | D41: =IFERROR(INDEX('Power Ratings'!$L$2:$L$139,MATCH($A41,'Power Ratings'!$B$2:$B$139,0)),"") | E41: -8.516 | F41: -7.1 | G41: 0 | H41: 23.1 | I41: 0.03 | J41: 4.67 | K41: 0.17 | L41: 0.374 | M41: 60 | N41: 31:08 | O41: 30.7 | P41: 0.13 | Q41: 6.2 | R41: 0.146 | S41: 0.434 | T41: 62 | U41: 0.5 | V41: 5/6 | W41: 43.6 | X41: 4.2 | Y41: 31.7 | Z41: 1.3 | AA41: 18.9
A42: Houston | B42: 3 | C42: 695.93 | D42: =IFERROR(INDEX('Power Ratings'!$L$2:$L$139,MATCH($A42,'Power Ratings'!$B$2:$B$139,0)),"") | E42: 10.803 | F42: 10.8 | G42: 2 | H42: 33.3 | I42: 0.43 | J42: 7.5 | K42: 0.116 | L42: 0.574 | M42: 85 | N42: 34:17 | O42: 22.3 | P42: 0.04 | Q42: 5.42 | R42: 0.218 | S42: 0.363 | T42: 46 | U42: -0.3 | V42: 4/4 | W42: 43.9 | X42: 10 | Y42: 20 | Z42: 7.5 | AA42: 16
A43: Illinois | B43: 3 | C43: 704.01 | D43: =IFERROR(INDEX('Power Ratings'!$L$2:$L$139,MATCH($A43,'Power Ratings'!$B$2:$B$139,0)),"") | E43: 5.956 | F43: 11.1 | G43: 0 | H43: 33.7 | I43: 0.29 | J43: 7.24 | K43: 0.064 | L43: 0.543 | M43: 61 | N43: 26:02 | O43: 23 | P43: 0.08 | Q43: 5.1 | R43: 0.146 | S43: 0.4 | T43: 61 | U43: 0.4 | V43: 4/5 | W43: 43 | X43: 39.5 | Y43: 22 | Z43: 9.5 | AA43: 18
A44: Indiana | B44: 3 | C44: 735.26 | D44: =IFERROR(INDEX('Power Ratings'!$L$2:$L$139,MATCH($A44,'Power Ratings'!$B$2:$B$139,0)),"") | E44: 24.632 | F44: 25.8 | G44: 2 | H44: 38.4 | I44: 0.48 | J44: 7.95 | K44: 0.108 | L44: 0.517 | M44: 66 | N44: 30:22 | O44: 13 | P44: -0.22 | Q44: 3.49 | R44: 0.207 | S44: 0.268 | T44: 33 | U44: 0.4 | V44: 2/3 | W44: 38.8 | X44: 12 | Y44: 26.1 | Z44: 11 | AA44: 19.2
A45: Iowa | B45: 3 | C45: 722.73 | D45: =IFERROR(INDEX('Power Ratings'!$L$2:$L$139,MATCH($A45,'Power Ratings'!$B$2:$B$139,0)),"") | E45: 12.105 | F45: 17.3 | G45: 3 | H45: 31.4 | I45: 0.21 | J45: 7.12 | K45: 0.089 | L45: 0.473 | M45: 71 | N45: 31:56 | O45: 14.6 | P45: -0.25 | Q45: 3.19 | R45: 0.207 | S45: 0.241 | T45: 25 | U45: 0.5 | V45: 5/6 | W45: 44.1 | X45: 17 | AA45: 15.4
A46: Iowa State | B46: 3 | C46: 669.55 | D46: =IFERROR(INDEX('Power Ratings'!$L$2:$L$139,MATCH($A46,'Power Ratings'!$B$2:$B$139,0)),"") | E46: 4.397 | F46: 5.8 | G46: 3 | H46: 25.4 | I46: 0.22 | J46: 6.45 | K46: 0.15 | L46: 0.389 | M46: 49 | N46: 28:45 | O46: 19.9 | P46: -0.16 | Q46: 3.81 | R46: 0.187 | S46: 0.319 | T46: 37 | U46: 0.4 | V46: 5/6 | W46: 41.1 | X46: 16.9 | Y46: 46.7 | Z46: 12 | AA46: 19.5
A47: Jacksonville State | B47: 4 | C47: 602.83 | D47: =IFERROR(INDEX('Power Ratings'!$L$2:$L$139,MATCH($A47,'Power Ratings'!$B$2:$B$139,0)),"") | E47: -8.83 | F47: -3.2 | G47: -1 | H47: 26.9 | I47: 0.21 | J47: 6.12 | K47: 0.149 | L47: 0.458 | M47: 79 | N47: 25:37 | O47: 29.7 | P47: 0.02 | Q47: 4.92 | R47: 0.148 | S47: 0.421 | T47: 75 | U47: -0.3 | V47: 3/5 | W47: 47.4 | X47: 23 | Y47: 19 | Z47: 0 | AA47: 33.1
A48: James Madison | B48: 3 | C48: 588.31 | D48: =IFERROR(INDEX('Power Ratings'!$L$2:$L$139,MATCH($A48,'Power Ratings'!$B$2:$B$139,0)),"") | E48: 3.246 | F48: 6.2 | G48: 2 | H48: 28.8 | I48: 0.36 | J48: 7.01 | K48: 0.101 | L48: 0.505 | M48: 62 | N48: 25:13 | O48: 22.3 | P48: -0.21 | Q48: 4.43 | R48: 0.156 | S48: 0.28 | T48: 50 | U48: -0.2 | V48: 5/5 | W48: 44 | X48: 18 | Y48: 48.3 | Z48: 3.6 | AA48: 19.9
A49: Kansas | B49: 3 | C49: 684.51 | D49: =IFERROR(INDEX('Power Ratings'!$L$2:$L$139,MATCH($A49,'Power Ratings'!$B$2:$B$139,0)),"") | E49: -0.135 | F49: 3 | G49: -5 | H49: 27.4 | I49: 0.2 | J49: 5.91 | K49: 0.173 | L49: 0.441 | M49: 69 | N49: 30:21 | O49: 24.8 | P49: -0.07 | Q49: 4.44 | R49: 0.2 | S49: 0.308 | T49: 45 | U49: 0.4 | V49: 2/4 | W49: 37.6 | X49: 14.5 | Y49: 16 | Z49: 7 | AA49: 59
A50: Kansas State | B50: 3 | C50: 718.67 | D50: =IFERROR(INDEX('Power Ratings'!$L$2:$L$139,MATCH($A50,'Power Ratings'!$B$2:$B$139,0)),"") | E50: 11.165 | F50: 14.4 | G50: -1 | H50: 34.7 | I50: 0.34 | J50: 7.02 | K50: 0.088 | L50: 0.53 | M50: 78 | N50: 33:55 | O50: 20.6 | P50: -0.16 | Q50: 3.28 | R50: 0.262 | S50: 0.273 | T50: 37 | U50: 0.3 | V50: 3/3 | W50: 47.9 | X50: 17.6 | Y50: 15.8 | Z50: 5 | AA50: 21
A51: Kennesaw State | B51: 3 | C51: 502.86 | D51: =IFERROR(INDEX('Power Ratings'!$L$2:$L$139,MATCH($A51,'Power Ratings'!$B$2:$B$139,0)),"") | E51: -10.953 | F51: -12.5 | G51: 1 | H51: 19.9 | I51: 0.11 | J51: 5.63 | K51: 0.146 | L51: 0.456 | M51: 65 | N51: 29:05 | O51: 31.9 | P51: 0.12 | Q51: 5.79 | R51: 0.095 | S51: 0.411 | T51: 56 | U51: -0.5 | V51: 4/4 | W51: 42 | X51: 2 | Y51: 19.9 | Z51: 13 | AA51: 10.8
A52: Kent State | B52: 3 | C52: 522.83 | D52: =IFERROR(INDEX('Power Ratings'!$L$2:$L$139,MATCH($A52,'Power Ratings'!$B$2:$B$139,0)),"") | E52: -23.199 | F52: -24.8 | G52: -3 | H52: 13.7 | I52: -0.11 | J52: 4.35 | K52: 0.191 | L52: 0.303 | M52: 37 | N52: 30:45 | O52: 38 | P52: 0.24 | Q52: 7.04 | R52: 0.13 | S52: 0.534 | T52: 70 | U52: -0.5 | V52: 1/2 | W52: 40.9 | X52: -13 | Y52: 15 | Z52: 6.8 | AA52: 25.5
A53: Kentucky | B53: 3 | C53: 786.65 | D53: =IFERROR(INDEX('Power Ratings'!$L$2:$L$139,MATCH($A53,'Power Ratings'!$B$2:$B$139,0)),"") | E53: 8.415 | F53: 6.5 | G53: 3 | H53: 28.2 | I53: 0.2 | J53: 6.27 | K53: 0.142 | L53: 0.481 | M53: 56 | N53: 29:04 | O53: 21.7 | P53: 0.03 | Q53: 5.03 | R53: 0.186 | S53: 0.437 | T53: 64 | U53: 0 | V53: 3/4 | W53: 41.6 | X53: 4.7 | Y53: 18.8 | Z53: 4.3 | AA53: 10
A54: LSU | B54: 3 | C54: 931.76 | D54: =IFERROR(INDEX('Power Ratings'!$L$2:$L$139,MATCH($A54,'Power Ratings'!$B$2:$B$139,0)),"") | E54: 20.353 | F54: 20.3 | G54: -1 | H54: 33.3 | I54: 0.21 | J54: 6.03 | K54: 0.171 | L54: 0.488 | M54: 83 | N54: 33:31 | O54: 13.2 | P54: -0.15 | Q54: 4.04 | R54: 0.223 | S54: 0.291 | T54: 41 | U54: 0.2 | V54: 5/6 | W54: 36.1 | X54: 11 | Y54: 19 | Z54: 0.5 | AA54: 24.2
A55: Liberty | B55: 3 | C55: 633.35 | D55: =IFERROR(INDEX('Power Ratings'!$L$2:$L$139,MATCH($A55,'Power Ratings'!$B$2:$B$139,0)),"") | E55: -4.399 | F55: -3 | G55: 1 | H55: 26.1 | I55: 0.08 | J55: 5.95 | K55: 0.155 | L55: 0.43 | M55: 60 | N55: 32:48 | O55: 28.9 | P55: 0.08 | Q55: 4.86 | R55: 0.204 | S55: 0.387 | T55: 55 | U55: -0.2 | V55: 4/4 | W55: 43.3 | X55: 3.5 | Y55: 20.5 | Z55: 5 | AA55: 18.8
A56: Louisiana | B56: 3 | C56: 590.94 | D56: =IFERROR(INDEX('Power Ratings'!$L$2:$L$139,MATCH($A56,'Power Ratings'!$B$2:$B$139,0)),"") | E56: -5.55 | F56: -7.2 | G56: 1 | H56: 25.5 | I56: 0.2 | J56: 6.05 | K56: 0.13 | L56: 0.438 | M56: 63 | N56: 31:56 | O56: 32.3 | P56: -0.06 | Q56: 4.79 | R56: 0.152 | S56: 0.426 | T56: 52 | U56: -0.4 | V56: 2/2 | W56: 39.6 | X56: 9 | Y56: 17.4 | Z56: 21.7 | AA56: 18.1
A57: Louisiana Tech | B57: 3 | C57: 543.02 | D57: =IFERROR(INDEX('Power Ratings'!$L$2:$L$139,MATCH($A57,'Power Ratings'!$B$2:$B$139,0)),"") | E57: -6.988 | F57: -8.2 | G57: 2 | H57: 22.2 | I57: 0.01 | J57: 5.36 | K57: 0.181 | L57: 0.337 | M57: 56 | N57: 27:40 | O57: 30.4 | P57: -0.01 | Q57: 5.02 | R57: 0.242 | S57: 0.347 | T57: 55 | U57: 0 | V57: 1/3 | W57: 43.9 | X57: 16.3 | Y57: 19.2 | Z57: 8
A58: Louisiana-Monroe | B58: 3 | C58: 505.49 | D58: =IFERROR(INDEX('Power Ratings'!$L$2:$L$139,MATCH($A58,'Power Ratings'!$B$2:$B$139,0)),"") | E58: -22.6 | F58: -28 | G58: -1 | H58: 13.1 | I58: -0.11 | J58: 4.96 | K58: 0.177 | L58: 0.423 | M58: 60 | N58: 31:08 | O58: 40.5 | P58: 0.31 | Q58: 7.04 | R58: 0.127 | S58: 0.515 | T58: 73 | U58: -0.6 | V58: 4/5 | W58: 43.5 | X58: 1.7 | Y58: 18.4 | Z58: 19.8 | AA58: 15.5
A59: Louisville | B59: 3 | C59: 739.97 | D59: =IFERROR(INDEX('Power Ratings'!$L$2:$L$139,MATCH($A59,'Power Ratings'!$B$2:$B$139,0)),"") | E59: 13.874 | F59: 13.3 | G59: 6 | H59: 34.5 | I59: 0.44 | J59: 7.97 | K59: 0.128 | L59: 0.528 | M59: 71 | N59: 29:24 | O59: 21.4 | P59: 0.08 | Q59: 5.55 | R59: 0.138 | S59: 0.393 | T59: 66 | U59: 0.2 | V59: 4/4 | W59: 40.5 | X59: 9.8 | Y59: 20.7 | Z59: 4 | AA59: 10.5
A60: Marshall | B60: 3 | C60: 594.71 | D60: =IFERROR(INDEX('Power Ratings'!$L$2:$L$139,MATCH($A60,'Power Ratings'!$B$2:$B$139,0)),"") | E60: -11.922 | F60: -11 | G60: -2 | H60: 25.7 | I60: 0.06 | J60: 4.95 | K60: 0.188 | L60: 0.419 | M60: 55 | N60: 28:30 | O60: 36.8 | P60: 0.33 | Q60: 6.53 | R60: 0.106 | S60: 0.5 | T60: 71 | U60: 0.2 | V60: 3/4 | W60: 45.3 | X60: 8.3 | Y60: 20.6 | Z60: 11.7 | AA60: 34
A61: Maryland | B61: 3 | C61: 719.64 | D61: =IFERROR(INDEX('Power Ratings'!$L$2:$L$139,MATCH($A61,'Power Ratings'!$B$2:$B$139,0)),"") | E61: 5.489 | F61: 7.9 | G61: 4 | H61: 29.6 | I61: 0.35 | J61: 7.02 | K61: 0.112 | L61: 0.527 | M61: 81 | N61: 29:18 | O61: 21.9 | P61: 0.01 | Q61: 4.25 | R61: 0.149 | S61: 0.37 | T61: 43 | U61: 0.2 | V61: 3/4 | W61: 38.7 | X61: 19.3 | Z61: 18 | AA61: 18
A62: Memphis | B62: 4 | C62: 670.31 | D62: =IFERROR(INDEX('Power Ratings'!$L$2:$L$139,MATCH($A62,'Power Ratings'!$B$2:$B$139,0)),"") | E62: -0.804 | F62: 3.7 | G62: -1 | H62: 33.3 | I62: 0.26 | J62: 8.13 | K62: 0.126 | L62: 0.472 | M62: 89 | N62: 26:24 | O62: 29.8 | P62: 0.18 | Q62: 6.53 | R62: 0.149 | S62: 0.418 | T62: 87 | U62: 0.2 | V62: 5/6 | W62: 44.8 | X62: 2.7 | Y62: 23.8 | Z62: 16 | AA62: 15
A63: Miami | B63: 3 | C63: 885.94 | D63: =IFERROR(INDEX('Power Ratings'!$L$2:$L$139,MATCH($A63,'Power Ratings'!$B$2:$B$139,0)),"") | E63: 23.862 | F63: 23.2 | G63: -2 | H63: 36.8 | I63: 0.45 | J63: 8.57 | K63: 0.047 | L63: 0.566 | M63: 92 | N63: 35:39 | O63: 13.9 | P63: -0.03 | Q63: 4.25 | R63: 0.141 | S63: 0.345 | T63: 41 | U63: 0.3 | V63: 2/3 | W63: 46.3 | X63: 10 | Y63: 18.7 | Z63: 7 | AA63: 18
A64: Miami (OH) | B64: 3 | C64: 621.37 | D64: =IFERROR(INDEX('Power Ratings'!$L$2:$L$139,MATCH($A64,'Power Ratings'!$B$2:$B$139,0)),"") | E64: -8.43 | F64: -6 | G64: -2 | H64: 21 | I64: 0.26 | J64: 6.76 | K64: 0.145 | L64: 0.434 | M64: 59 | N64: 30:19 | O64: 27.4 | P64: 0.2 | Q64: 6.53 | R64: 0.1 | S64: 0.47 | T64: 68 | U64: 0.4 | V64: 2/4 | W64: 43 | X64: 9.3 | Y64: 43.6 | Z64: 8 | AA64: 25.5
A65: Michigan | B65: 3 | C65: 890.02 | D65: =IFERROR(INDEX('Power Ratings'!$L$2:$L$139,MATCH($A65,'Power Ratings'!$B$2:$B$139,0)),"") | E65: 14.898 | F65: 15.1 | G65: -2 | H65: 30.9 | I65: 0.18 | J65: 5.51 | K65: 0.153 | L65: 0.429 | M65: 53 | N65: 28:16 | O65: 15.4 | P65: -0.13 | Q65: 3.75 | R65: 0.193 | S65: 0.32 | T65: 42 | U65: -0.3 | V65: 2/2 | W65: 43.5 | X65: 4.8 | Y65: 21.7 | Z65: 4.2 | AA65: 19.5
A66: Michigan State | B66: 3 | C66: 685.02 | D66: =IFERROR(INDEX('Power Ratings'!$L$2:$L$139,MATCH($A66,'Power Ratings'!$B$2:$B$139,0)),"") | E66: 4.246 | F66: 2.3 | G66: -1 | H66: 27.1 | I66: 0.08 | J66: 5.21 | K66: 0.17 | L66: 0.437 | M66: 61 | N66: 32:32 | O66: 24.5 | P66: 0.11 | Q66: 5.54 | R66: 0.166 | S66: 0.417 | T66: 43 | U66: -0.3 | V66: 6/7 | W66: 46.6 | X66: 15.2 | Y66: 27.2 | AA66: 21.7
A67: Middle Tennessee | B67: 3 | C67: 571.5 | D67: =IFERROR(INDEX('Power Ratings'!$L$2:$L$139,MATCH($A67,'Power Ratings'!$B$2:$B$139,0)),"") | E67: -13.164 | F67: -18.9 | G67: 4 | H67: 17.2 | I67: 0.22 | J67: 5.86 | K67: 0.09 | L67: 0.423 | M67: 62 | N67: 30:59 | O67: 36.2 | P67: 0.07 | Q67: 5.11 | R67: 0.135 | S67: 0.409 | T67: 50 | U67: 0.2 | V67: 5/6 | W67: 48.1 | X67: 7.1 | Y67: 16 | Z67: 14.7 | AA67: 20.8
A68: Minnesota | B68: 3 | C68: 728.79 | D68: =IFERROR(INDEX('Power Ratings'!$L$2:$L$139,MATCH($A68,'Power Ratings'!$B$2:$B$139,0)),"") | E68: 0.917 | F68: 5.9 | G68: 1 | H68: 26.5 | I68: 0.15 | J68: 5.97 | K68: 0.149 | L68: 0.495 | M68: 62 | N68: 33:23 | O68: 20.2 | P68: 0.03 | Q68: 4.74 | R68: 0.22 | S68: 0.366 | T68: 48 | U68: -0.4 | V68: 5/5 | W68: 42.2 | X68: 27.7 | Y68: 26 | Z68: 3 | AA68: 16
A69: Mississippi State | B69: 3 | C69: 804.53 | D69: =IFERROR(INDEX('Power Ratings'!$L$2:$L$139,MATCH($A69,'Power Ratings'!$B$2:$B$139,0)),"") | E69: 14.123 | F69: 12 | G69: 0 | H69: 35.4 | I69: 0.46 | J69: 7.86 | K69: 0.111 | L69: 0.536 | M69: 82 | N69: 28:04 | O69: 23.9 | P69: -0.02 | Q69: 4.77 | R69: 0.149 | S69: 0.349 | T69: 53 | U69: 0.5 | V69: 5/6 | W69: 41.2 | Y69: 6.5 | Z69: 4 | AA69: 22.4
A70: Missouri | B70: 3 | C70: 808.36 | D70: =IFERROR(INDEX('Power Ratings'!$L$2:$L$139,MATCH($A70,'Power Ratings'!$B$2:$B$139,0)),"") | E70: 10.542 | F70: 15 | G70: 3 | H70: 31.7 | I70: 0.23 | J70: 6.43 | K70: 0.128 | L70: 0.433 | M70: 67 | N70: 29:19 | O70: 16.3 | P70: -0.07 | Q70: 4.04 | R70: 0.254 | S70: 0.316 | T70: 49 | U70: -0.4 | V70: 4/6 | W70: 47.2 | X70: 25.5 | Y70: 17 | AA70: 17
A71: Missouri State | B71: 3 | C71: 549.92 | D71: =IFERROR(INDEX('Power Ratings'!$L$2:$L$139,MATCH($A71,'Power Ratings'!$B$2:$B$139,0)),"") | E71: -13.432 | F71: -17.4 | G71: 0 | H71: 17.7 | I71: 0.18 | J71: 6.32 | K71: 0.13 | L71: 0.435 | M71: 55 | N71: 25:33 | O71: 34.6 | P71: 0.24 | Q71: 5.68 | R71: 0.17 | S71: 0.505 | T71: 71 | U71: -0.5 | V71: 1/3 | W71: 43 | X71: 7 | Y71: 13.2 | Z71: 8.6 | AA71: 21
A72: NC State | B72: 3 | C72: 757.14 | D72: =IFERROR(INDEX('Power Ratings'!$L$2:$L$139,MATCH($A72,'Power Ratings'!$B$2:$B$139,0)),"") | E72: 2.026 | F72: 5 | G72: -1 | H72: 30.9 | I72: 0.2 | J72: 6.77 | K72: 0.158 | L72: 0.47 | M72: 66 | N72: 31:50 | O72: 25.6 | P72: 0.13 | Q72: 5.33 | R72: 0.156 | S72: 0.411 | T72: 45 | U72: -0.3 | V72: 2/2 | W72: 42.6 | X72: 11 | Y72: 24 | Z72: 0 | AA72: 15.2
A73: Navy | B73: 2 | C73: 195.68 | D73: =IFERROR(INDEX('Power Ratings'!$L$2:$L$139,MATCH($A73,'Power Ratings'!$B$2:$B$139,0)),"") | E73: -5.343 | F73: -2.3 | G73: -2 | H73: 26.7 | I73: 0.32 | J73: 6.67 | K73: 0.125 | L73: 0.529 | M73: 48 | N73: 33:00 | O73: 29.1 | P73: 0.15 | Q73: 5.81 | R73: 0.148 | S73: 0.393 | T73: 40 | U73: 0.2 | V73: 0/1 | W73: 44.2 | X73: 3 | Y73: 27 | Z73: 10 | AA73: 16
A74: Nebraska | B74: 3 | C74: 787.45 | D74: =IFERROR(INDEX('Power Ratings'!$L$2:$L$139,MATCH($A74,'Power Ratings'!$B$2:$B$139,0)),"") | E74: 14.184 | F74: 14.5 | G74: 2 | H74: 33.5 | I74: 0.47 | J74: 7.4 | K74: 0.108 | L74: 0.514 | M74: 78 | N74: 32:42 | O74: 19 | P74: 0.03 | Q74: 4.03 | R74: 0.183 | S74: 0.331 | T74: 36 | U74: 0 | V74: 2/4 | W74: 39.5 | X74: 6 | Y74: 20.7 | AA74: 16.2
A75: Nevada | B75: 3 | C75: 549.99 | D75: =IFERROR(INDEX('Power Ratings'!$L$2:$L$139,MATCH($A75,'Power Ratings'!$B$2:$B$139,0)),"") | E75: -8.453 | F75: -9.6 | G75: -6 | H75: 18.7 | I75: 0.08 | J75: 5.84 | K75: 0.116 | L75: 0.418 | M75: 57 | N75: 26:46 | O75: 28.7 | P75: 0.1 | Q75: 4.84 | R75: 0.124 | S75: 0.417 | T75: 63 | U75: 0.3 | V75: 2/2 | W75: 42.4 | X75: 14.6 | Y75: 23.1 | Z75: 2 | AA75: 14.2
A76: New Mexico | B76: 3 | C76: 568.19 | D76: =IFERROR(INDEX('Power Ratings'!$L$2:$L$139,MATCH($A76,'Power Ratings'!$B$2:$B$139,0)),"") | E76: 3.969 | F76: 4.8 | G76: 11 | H76: 26.7 | I76: 0.1 | J76: 5.15 | K76: 0.124 | L76: 0.408 | M76: 63 | N76: 35:03 | O76: 22.4 | P76: -0.22 | Q76: 3.75 | R76: 0.259 | S76: 0.271 | T76: 33 | U76: 0.5 | V76: 5/7 | W76: 40.4 | X76: 17.7 | Y76: 30 | Z76: -4 | AA76: 16
A77: New Mexico State | B77: 3 | C77: 460.38 | D77: =IFERROR(INDEX('Power Ratings'!$L$2:$L$139,MATCH($A77,'Power Ratings'!$B$2:$B$139,0)),"") | E77: -13.482 | F77: -15.7 | G77: 0 | H77: 17.9 | I77: 0.15 | J77: 6.24 | K77: 0.159 | L77: 0.438 | M77: 61 | N77: 28:30 | O77: 33.5 | P77: 0.1 | Q77: 5.49 | R77: 0.129 | S77: 0.416 | T77: 55 | U77: -0.1 | V77: 2/4 | W77: 39.9 | X77: 0.3 | Y77: 25 | Z77: 3 | AA77: 29.1
A78: North Carolina | B78: 3 | C78: 767.89 | D78: =IFERROR(INDEX('Power Ratings'!$L$2:$L$139,MATCH($A78,'Power Ratings'!$B$2:$B$139,0)),"") | E78: 4.936 | F78: 4.5 | G78: 1 | H78: 25 | I78: 0.12 | J78: 6.13 | K78: 0.132 | L78: 0.484 | M78: 63 | N78: 28:55 | O78: 20.8 | P78: -0.02 | Q78: 4.59 | R78: 0.141 | S78: 0.393 | T78: 54 | U78: 0.3 | V78: 4/7 | W78: 46.4 | X78: 8.7 | Y78: 19.5 | Z78: 10.4 | AA78: 21.4
A79: North Dakota State | B79: 4 | C79: 515.59 | D79: =IFERROR(INDEX('Power Ratings'!$L$2:$L$139,MATCH($A79,'Power Ratings'!$B$2:$B$139,0)),"") | E79: 0.364 | F79: 10.6 | G79: 8 | H79: 30 | I79: 0.16 | J79: 5.81 | K79: 0.115 | L79: 0.4 | M79: 77 | N79: 32:17 | O79: 19.5 | P79: -0.16 | Q79: 4.34 | R79: 0.183 | S79: 0.392 | T79: 64 | U79: 0.1 | V79: 7/8 | W79: 43.3 | X79: 13.2 | Y79: 19.3 | Z79: 2.5 | AA79: 17
A80: North Texas | B80: 3 | C80: 602.08 | D80: =IFERROR(INDEX('Power Ratings'!$L$2:$L$139,MATCH($A80,'Power Ratings'!$B$2:$B$139,0)),"") | E80: -2.315 | F80: -9.2 | G80: 1 | H80: 26.2 | I80: 0.21 | J80: 6.23 | K80: 0.129 | L80: 0.446 | M80: 75 | N80: 34:04 | O80: 35.2 | P80: 0.26 | Q80: 6.72 | R80: 0.116 | S80: 0.484 | T80: 66 | U80: -0.2 | V80: 6/7 | W80: 38.8 | X80: 11 | Y80: 22 | Z80: 36 | AA80: 21.4
A81: Northern Illinois | B81: 3 | C81: 536.58 | D81: =IFERROR(INDEX('Power Ratings'!$L$2:$L$139,MATCH($A81,'Power Ratings'!$B$2:$B$139,0)),"") | E81: -17.026 | F81: -19.7 | G81: 0 | H81: 14.3 | I81: -0.14 | J81: 4.09 | K81: 0.156 | L81: 0.349 | M81: 47 | N81: 28:11 | O81: 33.8 | P81: 0.14 | Q81: 5.86 | R81: 0.124 | S81: 0.448 | T81: 67 | U81: -0.2 | V81: 2/4 | W81: 41.4 | X81: 14.8 | Y81: 13.5 | Z81: 27.6 | AA81: 19.5
A82: Northwestern | B82: 2 | C82: 688.32 | D82: =IFERROR(INDEX('Power Ratings'!$L$2:$L$139,MATCH($A82,'Power Ratings'!$B$2:$B$139,0)),"") | E82: 9.296 | F82: 7.7 | G82: 4 | H82: 27.1 | I82: 0.33 | J82: 7.19 | K82: 0.115 | L82: 0.492 | M82: 40 | N82: 31:22 | O82: 19.9 | P82: 0 | Q82: 5.2 | R82: 0.185 | S82: 0.417 | T82: 45 | U82: 0.4 | V82: 4/4 | W82: 31.6 | X82: 4.5 | Y82: 21.2 | Z82: 1 | AA82: 18.7
A83: Notre Dame | B83: 3 | C83: 953.03 | D83: =IFERROR(INDEX('Power Ratings'!$L$2:$L$139,MATCH($A83,'Power Ratings'!$B$2:$B$139,0)),"") | E83: 26.808 | F83: 26.7 | G83: 8 | H83: 40.2 | I83: 0.32 | J83: 6.34 | K83: 0.091 | L83: 0.5 | M83: 64 | N83: 33:39 | O83: 13.7 | P83: -0.14 | Q83: 3.81 | R83: 0.263 | S83: 0.327 | T83: 34 | U83: 0.2 | V83: 5/6 | W83: 45.5 | X83: 9.8 | Y83: 21 | Z83: 3 | AA83: 17.3
A84: Ohio | B84: 3 | C84: 522.84 | D84: =IFERROR(INDEX('Power Ratings'!$L$2:$L$139,MATCH($A84,'Power Ratings'!$B$2:$B$139,0)),"") | E84: -10.218 | F84: -12.7 | G84: -2 | H84: 16.9 | I84: 0.18 | J84: 5.01 | K84: 0.171 | L84: 0.418 | M84: 56 | N84: 29:29 | O84: 29.1 | P84: 0.37 | Q84: 6.61 | R84: 0.147 | S84: 0.477 | T84: 71 | U84: -0.6 | V84: 4/7 | W84: 42.2 | X84: 7 | Y84: 30.9 | Z84: 9 | AA84: 14
A85: Ohio State | B85: 3 | C85: 964.27 | D85: =IFERROR(INDEX('Power Ratings'!$L$2:$L$139,MATCH($A85,'Power Ratings'!$B$2:$B$139,0)),"") | E85: 28.142 | F85: 29.7 | G85: 2 | H85: 40.1 | I85: 0.35 | J85: 7.81 | K85: 0.119 | L85: 0.505 | M85: 76 | N85: 30:10 | O85: 10.5 | P85: -0.21 | Q85: 3.29 | R85: 0.199 | S85: 0.316 | T85: 44 | U85: 0 | V85: 4/5 | W85: 41 | X85: 4.6 | Y85: 13 | Z85: -2 | AA85: 13.4
A86: Oklahoma | B86: 3 | C86: 851.14 | D86: =IFERROR(INDEX('Power Ratings'!$L$2:$L$139,MATCH($A86,'Power Ratings'!$B$2:$B$139,0)),"") | E86: 16.726 | F86: 17.6 | G86: -4 | H86: 30.1 | I86: 0.05 | J86: 5.56 | K86: 0.157 | L86: 0.416 | M86: 49 | N86: 27:42 | O86: 12.8 | P86: -0.23 | Q86: 3.78 | R86: 0.236 | S86: 0.282 | T86: 36 | U86: 0.4 | V86: 4/5 | W86: 44.7 | X86: 21.7 | Y86: 18.7 | Z86: 7.5 | AA86: 24
... A91: Oregon State | B91: 3 | C91: 635.79 | D91: =IFERROR(INDEX('Power Ratings'!$L$2:$L$139,MATCH($A91,'Power Ratings'!$B$2:$B$139,0)),"") | E91: -2.235 | F91: -2.5 | G91: 3 | H91: 23.8 | I91: 0.24 | J91: 6.53 | K91: 0.14 | L91: 0.402 | M91: 68 | N91: 29:34 | O91: 25.6 | P91: 0.18 | Q91: 5.61 | R91: 0.161 | S91: 0.435 | T91: 68 | U91: -0.6 | V91: 2/4 | W91: 41.7 | X91: 9.2 | Y91: 20 | Z91: 6.3 | AA91: 22.8
A92: Penn State | B92: 3 | C92: 774.04 | D92: =IFERROR(INDEX('Power Ratings'!$L$2:$L$139,MATCH($A92,'Power Ratings'!$B$2:$B$139,0)),"") | E92: 18.196 | F92: 19.1 | G92: 5 | H92: 35.2 | I92: 0.35 | J92: 7.38 | K92: 0.087 | L92: 0.473 | M92: 73 | N92: 32:08 | O92: 16.6 | P92: -0.13 | Q92: 3.51 | R92: 0.189 | S92: 0.297 | T92: 38 | U92: 0.5 | V92: 5/6 | W92: 41.1 | X92: 13.2 | Y92: 17 | AA92: 15.6
A93: Pittsburgh | B93: 3 | C93: 675.02 | D93: =IFERROR(INDEX('Power Ratings'!$L$2:$L$139,MATCH($A93,'Power Ratings'!$B$2:$B$139,0)),"") | E93: 12.341 | F93: 10.4 | G93: 2 | H93: 31 | I93: 0.18 | J93: 6.42 | K93: 0.11 | L93: 0.459 | M93: 70 | N93: 32:19 | O93: 20.7 | P93: -0.08 | Q93: 4.65 | R93: 0.172 | S93: 0.323 | T93: 46 | U93: 0.1 | V93: 4/4 | W93: 44.4 | X93: 6.4 | Y93: 18 | Z93: 5.7 | AA93: 24.5
A94: Purdue | B94: 3 | C94: 698.33 | D94: =IFERROR(INDEX('Power Ratings'!$L$2:$L$139,MATCH($A94,'Power Ratings'!$B$2:$B$139,0)),"") | E94: -1.585 | F94: -2.1 | G94: -2 | H94: 27.4 | I94: 0.33 | J94: 6.82 | K94: 0.115 | L94: 0.493 | M94: 80 | N94: 31:08 | O94: 30 | P94: 0.34 | Q94: 6.91 | R94: 0.141 | S94: 0.48 | T94: 72 | U94: 0.5 | V94: 7/8 | W94: 45.4 | X94: 6.6 | Y94: 21 | Z94: 5 | AA94: 19.3
A95: Rice | B95: 3 | C95: 589.89 | D95: =IFERROR(INDEX('Power Ratings'!$L$2:$L$139,MATCH($A95,'Power Ratings'!$B$2:$B$139,0)),"") | E95: -13.481 | F95: -14.9 | G95: -2 | H95: 16.9 | I95: 0.03 | J95: 5.06 | K95: 0.12 | L95: 0.424 | M95: 54 | N95: 31:27 | O95: 32.1 | P95: 0.1 | Q95: 5.67 | R95: 0.152 | S95: 0.429 | T95: 54 | U95: 0.3 | V95: 1/3 | W95: 45.8 | Y95: 10.6 | Z95: 6.4 | AA95: 17.2
A96: Rutgers | B96: 3 | C96: 709.04 | D96: =IFERROR(INDEX('Power Ratings'!$L$2:$L$139,MATCH($A96,'Power Ratings'!$B$2:$B$139,0)),"") | E96: -5.565 | F96: -2.4 | G96: -7 | H96: 29.1 | I96: 0.03 | J96: 5.96 | K96: 0.184 | L96: 0.443 | M96: 64 | N96: 30:29 | O96: 31.6 | P96: 0.22 | Q96: 6.74 | R96: 0.088 | S96: 0.472 | T96: 63 | U96: 0.1 | W96: 48.3 | X96: 12 | Y96: 17 | AA96: 8
A97: SMU | B97: 3 | C97: 764.5 | D97: =IFERROR(INDEX('Power Ratings'!$L$2:$L$139,MATCH($A97,'Power Ratings'!$B$2:$B$139,0)),"") | E97: 12.209 | F97: 12 | G97: -4 | H97: 33.9 | I97: 0.27 | J97: 7.94 | K97: 0.132 | L97: 0.505 | M97: 70 | N97: 29:00 | O97: 21.5 | P97: 0.07 | Q97: 5.31 | R97: 0.182 | S97: 0.38 | T97: 50 | U97: -0.4 | V97: 3/5 | W97: 42.1 | X97: 4.3 | Y97: 19 | Z97: 13.7 | AA97: 29
A98: Sacramento State | B98: 4 | C98: 561.42 | D98: =IFERROR(INDEX('Power Ratings'!$L$2:$L$139,MATCH($A98,'Power Ratings'!$B$2:$B$139,0)),"") | E98: -25.086 | F98: -20.9 | G98: -6 | H98: 13.8 | I98: -0.04 | J98: 4.95 | K98: 0.178 | L98: 0.411 | M98: 75 | N98: 29:44 | O98: 34.6 | P98: 0.1 | Q98: 5.76 | R98: 0.133 | S98: 0.353 | T98: 70 | U98: -0.1 | V98: 4/5 | W98: 40.2 | X98: 7 | Y98: 17 | Z98: 2.5 | AA98: 13.3
A99: Sam Houston | B99: 3 | C99: 554.47 | D99: =IFERROR(INDEX('Power Ratings'!$L$2:$L$139,MATCH($A99,'Power Ratings'!$B$2:$B$139,0)),"") | E99: -8.897 | F99: -16.3 | G99: 1 | H99: 18.3 | I99: 0.22 | J99: 6.46 | K99: 0.155 | L99: 0.479 | M99: 67 | N99: 32:01 | O99: 34.2 | P99: -0.03 | Q99: 4.4 | R99: 0.222 | S99: 0.298 | T99: 46 | U99: -0.4 | V99: 2/3 | W99: 42.9 | X99: 4.5 | Y99: 19.4 | Z99: 0 | AA99: 15.1
A100: San Diego State | B100: 3 | C100: 609.22 | D100: =IFERROR(INDEX('Power Ratings'!$L$2:$L$139,MATCH($A100,'Power Ratings'!$B$2:$B$139,0)),"") | E100: -3.285 | F100: -2.5 | G100: -1 | H100: 22.4 | I100: -0.06 | J100: 5.02 | K100: 0.171 | L100: 0.362 | M100: 57 | N100: 27:07 | O100: 25.5 | P100: 0.06 | Q100: 5.21 | R100: 0.103 | S100: 0.435 | T100: 60 | U100: 0.6 | V100: 2/2 | W100: 47.9 | X100: 5 | Y100: 32.9 | Z100: 11.6 | AA100: 22
A101: San Jose State | B101: 4 | C101: 569.25 | D101: =IFERROR(INDEX('Power Ratings'!$L$2:$L$139,MATCH($A101,'Power Ratings'!$B$2:$B$139,0)),"") | E101: -13.171 | F101: -13.9 | G101: -3 | H101: 17.1 | I101: 0.08 | J101: 5.75 | K101: 0.152 | L101: 0.396 | M101: 78 | N101: 27:27 | O101: 30.8 | P101: 0.07 | Q101: 5.27 | R101: 0.136 | S101: 0.436 | T101: 78 | U101: -0.2 | V101: 7/9 | W101: 42.5 | X101: 8.9 | Y101: 25 | Z101: 19.4 | AA101: 20.8
A102: South Alabama | B102: 3 | C102: 573.38 | D102: =IFERROR(INDEX('Power Ratings'!$L$2:$L$139,MATCH($A102,'Power Ratings'!$B$2:$B$139,0)),"") | E102: -7.349 | F102: -12.1 | G102: 4 | H102: 24.2 | I102: 0.24 | J102: 5.84 | K102: 0.137 | L102: 0.438 | M102: 73 | N102: 36:46 | O102: 35.7 | P102: 0.25 | Q102: 7.09 | R102: 0.208 | S102: 0.43 | T102: 46 | U102: -0.6 | V102: 6/7 | W102: 39 | Y102: 20.8 | Z102: 3 | AA102: 19.1
A103: South Carolina | B103: 3 | C103: 862.87 | D103: =IFERROR(INDEX('Power Ratings'!$L$2:$L$139,MATCH($A103,'Power Ratings'!$B$2:$B$139,0)),"") | E103: 12.125 | F103: 13 | G103: -2 | H103: 31.7 | I103: 0.33 | J103: 7.24 | K103: 0.122 | L103: 0.516 | M103: 78 | N103: 31:43 | O103: 19.3 | P103: 0.04 | Q103: 4.51 | R103: 0.135 | S103: 0.326 | T103: 41 | U103: 0.5 | V103: 5/6 | W103: 41.7 | X103: 23 | Y103: 21.3 | AA103: 9
A104: South Florida | B104: 3 | C104: 703.81 | D104: =IFERROR(INDEX('Power Ratings'!$L$2:$L$139,MATCH($A104,'Power Ratings'!$B$2:$B$139,0)),"") | E104: 0.776 | F104: 1.9 | G104: 4 | H104: 30.1 | I104: 0.34 | J104: 6.71 | K104: 0.1 | L104: 0.533 | M104: 68 | N104: 27:41 | O104: 28.1 | P104: 0.04 | Q104: 5.54 | R104: 0.171 | S104: 0.437 | T104: 57 | U104: -0.1 | V104: 5/5 | W104: 45.4 | X104: 9 | Y104: 22 | Z104: 6.7 | AA104: 10.7
A105: Southern Miss | B105: 3 | C105: 602.63 | D105: =IFERROR(INDEX('Power Ratings'!$L$2:$L$139,MATCH($A105,'Power Ratings'!$B$2:$B$139,0)),"") | E105: -13.109 | F105: -19.1 | G105: 1 | H105: 19.1 | I105: 0.01 | J105: 5.3 | K105: 0.158 | L105: 0.45 | M105: 65 | N105: 28:09 | O105: 37.8 | P105: 0.12 | Q105: 5.96 | R105: 0.132 | S105: 0.425 | T105: 66 | U105: -0.4 | V105: 2/3 | W105: 39 | X105: 11 | Y105: 27 | Z105: -0.2 | AA105: 20
...

Sheet Dashboard
A1: Matchup Predictor
A3: MATCHUP INPUTS
A4: Team 1 (visitor) | B4: Cincinnati
A5: Team 2 (home team) | B5: Miami
A6: Neutral site? (Y/N) | B6: N
A7: Kickoff | B7: =IFERROR(INDEX(Schedule!$A$2:$A$2001,MATCH(IF($B$4<$B$5,$B$4&"|"&$B$5,$B$5&"|"&$B$4),Schedule!$G$2:$G$2001,0)),"Not on the schedule")
A8: POWER RATINGS
A9: Team 1 power rating | B9: =INDEX('Power Ratings'!$O$2:$O$139,MATCH($B$4,'Power Ratings'!$B$2:$B$139,0))
A10: Team 2 power rating | B10: =INDEX('Power Ratings'!$O$2:$O$139,MATCH($B$5,'Power Ratings'!$B$2:$B$139,0))
A12: OUR PROJECTED SPREAD
A13: Neutral-field spread (Team 2) | B13: =ROUND((B10-B9)*2,0)/2
A14: Home-field spread (Team 2 home) | B14: =ROUND((B13+'Weights & Params'!$B$12)*2,0)/2
A15: Spread for this game (Team 2) | B15: =IF(LEFT(UPPER($B$6),1)="Y",B13,B14)
A16: Model line (Team 2) | B16: =-B15
A18: VS VEGAS
A19: Vegas line (Team 2 / home) | B19: -5.5
A20: Edge vs Vegas | B20: =B15+B19
A22: THE CALL - COVER
A23: Cover pick | B23: =IF(B20>0,B5,IF(B20<0,B4,"Pick'em"))
A24: Confidence to cover | B24: =MIN(0.99,NORMSDIST(ABS(B20)/'Weights & Params'!$B$13))
A25: Underdog (per Vegas) | B25: =IF(B19<0,B4,IF(B19>0,B5,"Pick'em"))
A26: P(underdog covers) | B26: =MIN(0.99,IF(B19>0,NORMSDIST(B20/'Weights & Params'!$B$13),1-NORMSDIST(B20/'Weights & Params'!$B$13)))
A27: P(underdog wins outright) | B27: =MIN(0.99,NORMSDIST(IF(B19>0,B15,-B15)/'Weights & Params'!$B$13))
B29: ="Edge of "&TEXT(ABS(B20),"0.0")&" pts on "&B23&" vs the "&TEXT(B19,"+0.0;-0.0")&" line"
A30: =TEXT(B24,"0%")&" - "&B23&" to COVER "&TEXT(IF(B20>0,B19,-B19),"+0.0;-0.0")
A31: =IF(B24>=0.75,"STRONG lean",IF(B24>=0.65,"Lean",IF(B24>=0.57,"Slight lean","Coin flip - pass")))

Sheet Edge Board
A1: Full-Slate Edge Board
A3: Away | B3: Home | C3: Vegas (home) | D3: Proj Home Margin | E3: Model Line | F3: Edge | G3: |edge| key | H3: Lean | I3: Confidence | J3: Upset? | K3: Neutral? Y/N | L3: Rank | M3: Matchup | N3: Edge | O3: Lean | P3: Confidence
A4: Ohio State | B4: Michigan | C4: -3.5 | D4: =IF(OR(A4="",B4=""),"",ROUND((INDEX('Power Ratings'!$O$2:$O$139,MATCH(B4,'Power Ratings'!$B$2:$B$139,0))-INDEX('Power Ratings'!$O$2:$O$139,MATCH(A4,'Power Ratings'!$B$2:$B$139,0))+IF(LEFT(UPPER(K4),1)="Y",0,'Weights & Params'!$B$12))*2,0)/2) | E4: =IF(D4="","",-D4) | F4: =IF(OR(A4="",B4="",C4=""),"",D4+C4) | G4: =IF(F4="","",ABS(F4)+(1000-ROW())*0.0000001) | H4: =IF(F4="","",IF(F4>=0,B4,A4)) | I4: =IF(F4="","",MIN(0.99,NORMSDIST(ABS(F4)/'Weights & Params'!$B$13))) | J4: =IF(F4="","",IF(IF(D4>=0,B4,A4)<>IF(C4<0,B4,A4),"UPSET","-")) | L4: =IF($Q4="","",1) | M4: =IF($Q4="","",INDEX($A$4:$A$33,$Q4)&" @ "&INDEX($B$4:$B$33,$Q4)) | N4: =IF($Q4="","",INDEX($F$4:$F$33,$Q4)) | O4: =IF($Q4="","",INDEX($H$4:$H$33,$Q4)) | P4: =IF($Q4="","",INDEX($I$4:$I$33,$Q4)) | Q4: =IFERROR(MATCH(LARGE($G$4:$G$33,1),$G$4:$G$33,0),"")
A5: Alabama | B5: Georgia | C5: 2.5 | D5: =IF(OR(A5="",B5=""),"",ROUND((INDEX('Power Ratings'!$O$2:$O$139,MATCH(B5,'Power Ratings'!$B$2:$B$139,0))-INDEX('Power Ratings'!$O$2:$O$139,MATCH(A5,'Power Ratings'!$B$2:$B$139,0))+IF(LEFT(UPPER(K5),1)="Y",0,'Weights & Params'!$B$12))*2,0)/2) | E5: =IF(D5="","",-D5) | F5: =IF(OR(A5="",B5="",C5=""),"",D5+C5) | G5: =IF(F5="","",ABS(F5)+(1000-ROW())*0.0000001) | H5: =IF(F5="","",IF(F5>=0,B5,A5)) | I5: =IF(F5="","",MIN(0.99,NORMSDIST(ABS(F5)/'Weights & Params'!$B$13))) | J5: =IF(F5="","",IF(IF(D5>=0,B5,A5)<>IF(C5<0,B5,A5),"UPSET","-")) | L5: =IF($Q5="","",2) | M5: =IF($Q5="","",INDEX($A$4:$A$33,$Q5)&" @ "&INDEX($B$4:$B$33,$Q5)) | N5: =IF($Q5="","",INDEX($F$4:$F$33,$Q5)) | O5: =IF($Q5="","",INDEX($H$4:$H$33,$Q5)) | P5: =IF($Q5="","",INDEX($I$4:$I$33,$Q5)) | Q5: =IFERROR(MATCH(LARGE($G$4:$G$33,2),$G$4:$G$33,0),"")
A6: Oklahoma | B6: Texas | C6: 6.5 | D6: =IF(OR(A6="",B6=""),"",ROUND((INDEX('Power Ratings'!$O$2:$O$139,MATCH(B6,'Power Ratings'!$B$2:$B$139,0))-INDEX('Power Ratings'!$O$2:$O$139,MATCH(A6,'Power Ratings'!$B$2:$B$139,0))+IF(LEFT(UPPER(K6),1)="Y",0,'Weights & Params'!$B$12))*2,0)/2) | E6: =IF(D6="","",-D6) | F6: =IF(OR(A6="",B6="",C6=""),"",D6+C6) | G6: =IF(F6="","",ABS(F6)+(1000-ROW())*0.0000001) | H6: =IF(F6="","",IF(F6>=0,B6,A6)) | I6: =IF(F6="","",MIN(0.99,NORMSDIST(ABS(F6)/'Weights & Params'!$B$13))) | J6: =IF(F6="","",IF(IF(D6>=0,B6,A6)<>IF(C6<0,B6,A6),"UPSET","-")) | L6: =IF($Q6="","",3) | M6: =IF($Q6="","",INDEX($A$4:$A$33,$Q6)&" @ "&INDEX($B$4:$B$33,$Q6)) | N6: =IF($Q6="","",INDEX($F$4:$F$33,$Q6)) | O6: =IF($Q6="","",INDEX($H$4:$H$33,$Q6)) | P6: =IF($Q6="","",INDEX($I$4:$I$33,$Q6)) | Q6: =IFERROR(MATCH(LARGE($G$4:$G$33,3),$G$4:$G$33,0),"")
A7: Washington | B7: Oregon | C7: -9.5 | D7: =IF(OR(A7="",B7=""),"",ROUND((INDEX('Power Ratings'!$O$2:$O$139,MATCH(B7,'Power Ratings'!$B$2:$B$139,0))-INDEX('Power Ratings'!$O$2:$O$139,MATCH(A7,'Power Ratings'!$B$2:$B$139,0))+IF(LEFT(UPPER(K7),1)="Y",0,'Weights & Params'!$B$12))*2,0)/2) | E7: =IF(D7="","",-D7) | F7: =IF(OR(A7="",B7="",C7=""),"",D7+C7) | G7: =IF(F7="","",ABS(F7)+(1000-ROW())*0.0000001) | H7: =IF(F7="","",IF(F7>=0,B7,A7)) | I7: =IF(F7="","",MIN(0.99,NORMSDIST(ABS(F7)/'Weights & Params'!$B$13))) | J7: =IF(F7="","",IF(IF(D7>=0,B7,A7)<>IF(C7<0,B7,A7),"UPSET","-")) | L7: =IF($Q7="","",4) | M7: =IF($Q7="","",INDEX($A$4:$A$33,$Q7)&" @ "&INDEX($B$4:$B$33,$Q7)) | N7: =IF($Q7="","",INDEX($F$4:$F$33,$Q7)) | O7: =IF($Q7="","",INDEX($H$4:$H$33,$Q7)) | P7: =IF($Q7="","",INDEX($I$4:$I$33,$Q7)) | Q7: =IFERROR(MATCH(LARGE($G$4:$G$33,4),$G$4:$G$33,0),"")
A8: Kansas State | B8: Kansas | C8: 3.5 | D8: =IF(OR(A8="",B8=""),"",ROUND((INDEX('Power Ratings'!$O$2:$O$139,MATCH(B8,'Power Ratings'!$B$2:$B$139,0))-INDEX('Power Ratings'!$O$2:$O$139,MATCH(A8,'Power Ratings'!$B$2:$B$139,0))+IF(LEFT(UPPER(K8),1)="Y",0,'Weights & Params'!$B$12))*2,0)/2) | E8: =IF(D8="","",-D8) | F8: =IF(OR(A8="",B8="",C8=""),"",D8+C8) | G8: =IF(F8="","",ABS(F8)+(1000-ROW())*0.0000001) | H8: =IF(F8="","",IF(F8>=0,B8,A8)) | I8: =IF(F8="","",MIN(0.99,NORMSDIST(ABS(F8)/'Weights & Params'!$B$13))) | J8: =IF(F8="","",IF(IF(D8>=0,B8,A8)<>IF(C8<0,B8,A8),"UPSET","-")) | L8: =IF($Q8="","",5) | M8: =IF($Q8="","",INDEX($A$4:$A$33,$Q8)&" @ "&INDEX($B$4:$B$33,$Q8)) | N8: =IF($Q8="","",INDEX($F$4:$F$33,$Q8)) | O8: =IF($Q8="","",INDEX($H$4:$H$33,$Q8)) | P8: =IF($Q8="","",INDEX($I$4:$I$33,$Q8)) | Q8: =IFERROR(MATCH(LARGE($G$4:$G$33,5),$G$4:$G$33,0),"")
D9: =IF(OR(A9="",B9=""),"",ROUND((INDEX('Power Ratings'!$O$2:$O$139,MATCH(B9,'Power Ratings'!$B$2:$B$139,0))-INDEX('Power Ratings'!$O$2:$O$139,MATCH(A9,'Power Ratings'!$B$2:$B$139,0))+IF(LEFT(UPPER(K9),1)="Y",0,'Weights & Params'!$B$12))*2,0)/2) | E9: =IF(D9="","",-D9) | F9: =IF(OR(A9="",B9="",C9=""),"",D9+C9) | G9: =IF(F9="","",ABS(F9)+(1000-ROW())*0.0000001) | H9: =IF(F9="","",IF(F9>=0,B9,A9)) | I9: =IF(F9="","",MIN(0.99,NORMSDIST(ABS(F9)/'Weights & Params'!$B$13))) | J9: =IF(F9="","",IF(IF(D9>=0,B9,A9)<>IF(C9<0,B9,A9),"UPSET","-")) | L9: =IF($Q9="","",6) | M9: =IF($Q9="","",INDEX($A$4:$A$33,$Q9)&" @ "&INDEX($B$4:$B$33,$Q9)) | N9: =IF($Q9="","",INDEX($F$4:$F$33,$Q9)) | O9: =IF($Q9="","",INDEX($H$4:$H$33,$Q9)) | P9: =IF($Q9="","",INDEX($I$4:$I$33,$Q9)) | Q9: =IFERROR(MATCH(LARGE($G$4:$G$33,6),$G$4:$G$33,0),"")
D10: =IF(OR(A10="",B10=""),"",ROUND((INDEX('Power Ratings'!$O$2:$O$139,MATCH(B10,'Power Ratings'!$B$2:$B$139,0))-INDEX('Power Ratings'!$O$2:$O$139,MATCH(A10,'Power Ratings'!$B$2:$B$139,0))+IF(LEFT(UPPER(K10),1)="Y",0,'Weights & Params'!$B$12))*2,0)/2) | E10: =IF(D10="","",-D10) | F10: =IF(OR(A10="",B10="",C10=""),"",D10+C10) | G10: =IF(F10="","",ABS(F10)+(1000-ROW())*0.0000001) | H10: =IF(F10="","",IF(F10>=0,B10,A10)) | I10: =IF(F10="","",MIN(0.99,NORMSDIST(ABS(F10)/'Weights & Params'!$B$13))) | J10: =IF(F10="","",IF(IF(D10>=0,B10,A10)<>IF(C10<0,B10,A10),"UPSET","-")) | L10: =IF($Q10="","",7) | M10: =IF($Q10="","",INDEX($A$4:$A$33,$Q10)&" @ "&INDEX($B$4:$B$33,$Q10)) | N10: =IF($Q10="","",INDEX($F$4:$F$33,$Q10)) | O10: =IF($Q10="","",INDEX($H$4:$H$33,$Q10)) | P10: =IF($Q10="","",INDEX($I$4:$I$33,$Q10)) | Q10: =IFERROR(MATCH(LARGE($G$4:$G$33,7),$G$4:$G$33,0),"")
D11: =IF(OR(A11="",B11=""),"",ROUND((INDEX('Power Ratings'!$O$2:$O$139,MATCH(B11,'Power Ratings'!$B$2:$B$139,0))-INDEX('Power Ratings'!$O$2:$O$139,MATCH(A11,'Power Ratings'!$B$2:$B$139,0))+IF(LEFT(UPPER(K11),1)="Y",0,'Weights & Params'!$B$12))*2,0)/2) | E11: =IF(D11="","",-D11) | F11: =IF(OR(A11="",B11="",C11=""),"",D11+C11) | G11: =IF(F11="","",ABS(F11)+(1000-ROW())*0.0000001) | H11: =IF(F11="","",IF(F11>=0,B11,A11)) | I11: =IF(F11="","",MIN(0.99,NORMSDIST(ABS(F11)/'Weights & Params'!$B$13))) | J11: =IF(F11="","",IF(IF(D11>=0,B11,A11)<>IF(C11<0,B11,A11),"UPSET","-")) | L11: =IF($Q11="","",8) | M11: =IF($Q11="","",INDEX($A$4:$A$33,$Q11)&" @ "&INDEX($B$4:$B$33,$Q11)) | N11: =IF($Q11="","",INDEX($F$4:$F$33,$Q11)) | O11: =IF($Q11="","",INDEX($H$4:$H$33,$Q11)) | P11: =IF($Q11="","",INDEX($I$4:$I$33,$Q11)) | Q11: =IFERROR(MATCH(LARGE($G$4:$G$33,8),$G$4:$G$33,0),"")
D12: =IF(OR(A12="",B12=""),"",ROUND((INDEX('Power Ratings'!$O$2:$O$139,MATCH(B12,'Power Ratings'!$B$2:$B$139,0))-INDEX('Power Ratings'!$O$2:$O$139,MATCH(A12,'Power Ratings'!$B$2:$B$139,0))+IF(LEFT(UPPER(K12),1)="Y",0,'Weights & Params'!$B$12))*2,0)/2) | E12: =IF(D12="","",-D12) | F12: =IF(OR(A12="",B12="",C12=""),"",D12+C12) | G12: =IF(F12="","",ABS(F12)+(1000-ROW())*0.0000001) | H12: =IF(F12="","",IF(F12>=0,B12,A12)) | I12: =IF(F12="","",MIN(0.99,NORMSDIST(ABS(F12)/'Weights & Params'!$B$13))) | J12: =IF(F12="","",IF(IF(D12>=0,B12,A12)<>IF(C12<0,B12,A12),"UPSET","-")) | L12: =IF($Q12="","",9) | M12: =IF($Q12="","",INDEX($A$4:$A$33,$Q12)&" @ "&INDEX($B$4:$B$33,$Q12)) | N12: =IF($Q12="","",INDEX($F$4:$F$33,$Q12)) | O12: =IF($Q12="","",INDEX($H$4:$H$33,$Q12)) | P12: =IF($Q12="","",INDEX($I$4:$I$33,$Q12)) | Q12: =IFERROR(MATCH(LARGE($G$4:$G$33,9),$G$4:$G$33,0),"")
D13: =IF(OR(A13="",B13=""),"",ROUND((INDEX('Power Ratings'!$O$2:$O$139,MATCH(B13,'Power Ratings'!$B$2:$B$139,0))-INDEX('Power Ratings'!$O$2:$O$139,MATCH(A13,'Power Ratings'!$B$2:$B$139,0))+IF(LEFT(UPPER(K13),1)="Y",0,'Weights & Params'!$B$12))*2,0)/2) | E13: =IF(D13="","",-D13) | F13: =IF(OR(A13="",B13="",C13=""),"",D13+C13) | G13: =IF(F13="","",ABS(F13)+(1000-ROW())*0.0000001) | H13: =IF(F13="","",IF(F13>=0,B13,A13)) | I13: =IF(F13="","",MIN(0.99,NORMSDIST(ABS(F13)/'Weights & Params'!$B$13))) | J13: =IF(F13="","",IF(IF(D13>=0,B13,A13)<>IF(C13<0,B13,A13),"UPSET","-")) | L13: =IF($Q13="","",10) | M13: =IF($Q13="","",INDEX($A$4:$A$33,$Q13)&" @ "&INDEX($B$4:$B$33,$Q13)) | N13: =IF($Q13="","",INDEX($F$4:$F$33,$Q13)) | O13: =IF($Q13="","",INDEX($H$4:$H$33,$Q13)) | P13: =IF($Q13="","",INDEX($I$4:$I$33,$Q13)) | Q13: =IFERROR(MATCH(LARGE($G$4:$G$33,10),$G$4:$G$33,0),"")
D14: =IF(OR(A14="",B14=""),"",ROUND((INDEX('Power Ratings'!$O$2:$O$139,MATCH(B14,'Power Ratings'!$B$2:$B$139,0))-INDEX('Power Ratings'!$O$2:$O$139,MATCH(A14,'Power Ratings'!$B$2:$B$139,0))+IF(LEFT(UPPER(K14),1)="Y",0,'Weights & Params'!$B$12))*2,0)/2) | E14: =IF(D14="","",-D14) | F14: =IF(OR(A14="",B14="",C14=""),"",D14+C14) | G14: =IF(F14="","",ABS(F14)+(1000-ROW())*0.0000001) | H14: =IF(F14="","",IF(F14>=0,B14,A14)) | I14: =IF(F14="","",MIN(0.99,NORMSDIST(ABS(F14)/'Weights & Params'!$B$13))) | J14: =IF(F14="","",IF(IF(D14>=0,B14,A14)<>IF(C14<0,B14,A14),"UPSET","-")) | L14: =IF($Q14="","",11) | M14: =IF($Q14="","",INDEX($A$4:$A$33,$Q14)&" @ "&INDEX($B$4:$B$33,$Q14)) | N14: =IF($Q14="","",INDEX($F$4:$F$33,$Q14)) | O14: =IF($Q14="","",INDEX($H$4:$H$33,$Q14)) | P14: =IF($Q14="","",INDEX($I$4:$I$33,$Q14)) | Q14: =IFERROR(MATCH(LARGE($G$4:$G$33,11),$G$4:$G$33,0),"")
D15: =IF(OR(A15="",B15=""),"",ROUND((INDEX('Power Ratings'!$O$2:$O$139,MATCH(B15,'Power Ratings'!$B$2:$B$139,0))-INDEX('Power Ratings'!$O$2:$O$139,MATCH(A15,'Power Ratings'!$B$2:$B$139,0))+IF(LEFT(UPPER(K15),1)="Y",0,'Weights & Params'!$B$12))*2,0)/2) | E15: =IF(D15="","",-D15) | F15: =IF(OR(A15="",B15="",C15=""),"",D15+C15) | G15: =IF(F15="","",ABS(F15)+(1000-ROW())*0.0000001) | H15: =IF(F15="","",IF(F15>=0,B15,A15)) | I15: =IF(F15="","",MIN(0.99,NORMSDIST(ABS(F15)/'Weights & Params'!$B$13))) | J15: =IF(F15="","",IF(IF(D15>=0,B15,A15)<>IF(C15<0,B15,A15),"UPSET","-")) | L15: =IF($Q15="","",12) | M15: =IF($Q15="","",INDEX($A$4:$A$33,$Q15)&" @ "&INDEX($B$4:$B$33,$Q15)) | N15: =IF($Q15="","",INDEX($F$4:$F$33,$Q15)) | O15: =IF($Q15="","",INDEX($H$4:$H$33,$Q15)) | P15: =IF($Q15="","",INDEX($I$4:$I$33,$Q15)) | Q15: =IFERROR(MATCH(LARGE($G$4:$G$33,12),$G$4:$G$33,0),"")
D16: =IF(OR(A16="",B16=""),"",ROUND((INDEX('Power Ratings'!$O$2:$O$139,MATCH(B16,'Power Ratings'!$B$2:$B$139,0))-INDEX('Power Ratings'!$O$2:$O$139,MATCH(A16,'Power Ratings'!$B$2:$B$139,0))+IF(LEFT(UPPER(K16),1)="Y",0,'Weights & Params'!$B$12))*2,0)/2) | E16: =IF(D16="","",-D16) | F16: =IF(OR(A16="",B16="",C16=""),"",D16+C16) | G16: =IF(F16="","",ABS(F16)+(1000-ROW())*0.0000001) | H16: =IF(F16="","",IF(F16>=0,B16,A16)) | I16: =IF(F16="","",MIN(0.99,NORMSDIST(ABS(F16)/'Weights & Params'!$B$13))) | J16: =IF(F16="","",IF(IF(D16>=0,B16,A16)<>IF(C16<0,B16,A16),"UPSET","-")) | L16: =IF($Q16="","",13) | M16: =IF($Q16="","",INDEX($A$4:$A$33,$Q16)&" @ "&INDEX($B$4:$B$33,$Q16)) | N16: =IF($Q16="","",INDEX($F$4:$F$33,$Q16)) | O16: =IF($Q16="","",INDEX($H$4:$H$33,$Q16)) | P16: =IF($Q16="","",INDEX($I$4:$I$33,$Q16)) | Q16: =IFERROR(MATCH(LARGE($G$4:$G$33,13),$G$4:$G$33,0),"")
D17: =IF(OR(A17="",B17=""),"",ROUND((INDEX('Power Ratings'!$O$2:$O$139,MATCH(B17,'Power Ratings'!$B$2:$B$139,0))-INDEX('Power Ratings'!$O$2:$O$139,MATCH(A17,'Power Ratings'!$B$2:$B$139,0))+IF(LEFT(UPPER(K17),1)="Y",0,'Weights & Params'!$B$12))*2,0)/2) | E17: =IF(D17="","",-D17) | F17: =IF(OR(A17="",B17="",C17=""),"",D17+C17) | G17: =IF(F17="","",ABS(F17)+(1000-ROW())*0.0000001) | H17: =IF(F17="","",IF(F17>=0,B17,A17)) | I17: =IF(F17="","",MIN(0.99,NORMSDIST(ABS(F17)/'Weights & Params'!$B$13))) | J17: =IF(F17="","",IF(IF(D17>=0,B17,A17)<>IF(C17<0,B17,A17),"UPSET","-")) | L17: =IF($Q17="","",14) | M17: =IF($Q17="","",INDEX($A$4:$A$33,$Q17)&" @ "&INDEX($B$4:$B$33,$Q17)) | N17: =IF($Q17="","",INDEX($F$4:$F$33,$Q17)) | O17: =IF($Q17="","",INDEX($H$4:$H$33,$Q17)) | P17: =IF($Q17="","",INDEX($I$4:$I$33,$Q17)) | Q17: =IFERROR(MATCH(LARGE($G$4:$G$33,14),$G$4:$G$33,0),"")
D18: =IF(OR(A18="",B18=""),"",ROUND((INDEX('Power Ratings'!$O$2:$O$139,MATCH(B18,'Power Ratings'!$B$2:$B$139,0))-INDEX('Power Ratings'!$O$2:$O$139,MATCH(A18,'Power Ratings'!$B$2:$B$139,0))+IF(LEFT(UPPER(K18),1)="Y",0,'Weights & Params'!$B$12))*2,0)/2) | E18: =IF(D18="","",-D18) | F18: =IF(OR(A18="",B18="",C18=""),"",D18+C18) | G18: =IF(F18="","",ABS(F18)+(1000-ROW())*0.0000001) | H18: =IF(F18="","",IF(F18>=0,B18,A18)) | I18: =IF(F18="","",MIN(0.99,NORMSDIST(ABS(F18)/'Weights & Params'!$B$13))) | J18: =IF(F18="","",IF(IF(D18>=0,B18,A18)<>IF(C18<0,B18,A18),"UPSET","-")) | L18: =IF($Q18="","",15) | M18: =IF($Q18="","",INDEX($A$4:$A$33,$Q18)&" @ "&INDEX($B$4:$B$33,$Q18)) | N18: =IF($Q18="","",INDEX($F$4:$F$33,$Q18)) | O18: =IF($Q18="","",INDEX($H$4:$H$33,$Q18)) | P18: =IF($Q18="","",INDEX($I$4:$I$33,$Q18)) | Q18: =IFERROR(MATCH(LARGE($G$4:$G$33,15),$G$4:$G$33,0),"")
D19: =IF(OR(A19="",B19=""),"",ROUND((INDEX('Power Ratings'!$O$2:$O$139,MATCH(B19,'Power Ratings'!$B$2:$B$139,0))-INDEX('Power Ratings'!$O$2:$O$139,MATCH(A19,'Power Ratings'!$B$2:$B$139,0))+IF(LEFT(UPPER(K19),1)="Y",0,'Weights & Params'!$B$12))*2,0)/2) | E19: =IF(D19="","",-D19) | F19: =IF(OR(A19="",B19="",C19=""),"",D19+C19) | G19: =IF(F19="","",ABS(F19)+(1000-ROW())*0.0000001) | H19: =IF(F19="","",IF(F19>=0,B19,A19)) | I19: =IF(F19="","",MIN(0.99,NORMSDIST(ABS(F19)/'Weights & Params'!$B$13))) | J19: =IF(F19="","",IF(IF(D19>=0,B19,A19)<>IF(C19<0,B19,A19),"UPSET","-")) | L19: =IF($Q19="","",16) | M19: =IF($Q19="","",INDEX($A$4:$A$33,$Q19)&" @ "&INDEX($B$4:$B$33,$Q19)) | N19: =IF($Q19="","",INDEX($F$4:$F$33,$Q19)) | O19: =IF($Q19="","",INDEX($H$4:$H$33,$Q19)) | P19: =IF($Q19="","",INDEX($I$4:$I$33,$Q19)) | Q19: =IFERROR(MATCH(LARGE($G$4:$G$33,16),$G$4:$G$33,0),"")
D20: =IF(OR(A20="",B20=""),"",ROUND((INDEX('Power Ratings'!$O$2:$O$139,MATCH(B20,'Power Ratings'!$B$2:$B$139,0))-INDEX('Power Ratings'!$O$2:$O$139,MATCH(A20,'Power Ratings'!$B$2:$B$139,0))+IF(LEFT(UPPER(K20),1)="Y",0,'Weights & Params'!$B$12))*2,0)/2) | E20: =IF(D20="","",-D20) | F20: =IF(OR(A20="",B20="",C20=""),"",D20+C20) | G20: =IF(F20="","",ABS(F20)+(1000-ROW())*0.0000001) | H20: =IF(F20="","",IF(F20>=0,B20,A20)) | I20: =IF(F20="","",MIN(0.99,NORMSDIST(ABS(F20)/'Weights & Params'!$B$13))) | J20: =IF(F20="","",IF(IF(D20>=0,B20,A20)<>IF(C20<0,B20,A20),"UPSET","-")) | L20: =IF($Q20="","",17) | M20: =IF($Q20="","",INDEX($A$4:$A$33,$Q20)&" @ "&INDEX($B$4:$B$33,$Q20)) | N20: =IF($Q20="","",INDEX($F$4:$F$33,$Q20)) | O20: =IF($Q20="","",INDEX($H$4:$H$33,$Q20)) | P20: =IF($Q20="","",INDEX($I$4:$I$33,$Q20)) | Q20: =IFERROR(MATCH(LARGE($G$4:$G$33,17),$G$4:$G$33,0),"")
D21: =IF(OR(A21="",B21=""),"",ROUND((INDEX('Power Ratings'!$O$2:$O$139,MATCH(B21,'Power Ratings'!$B$2:$B$139,0))-INDEX('Power Ratings'!$O$2:$O$139,MATCH(A21,'Power Ratings'!$B$2:$B$139,0))+IF(LEFT(UPPER(K21),1)="Y",0,'Weights & Params'!$B$12))*2,0)/2) | E21: =IF(D21="","",-D21) | F21: =IF(OR(A21="",B21="",C21=""),"",D21+C21) | G21: =IF(F21="","",ABS(F21)+(1000-ROW())*0.0000001) | H21: =IF(F21="","",IF(F21>=0,B21,A21)) | I21: =IF(F21="","",MIN(0.99,NORMSDIST(ABS(F21)/'Weights & Params'!$B$13))) | J21: =IF(F21="","",IF(IF(D21>=0,B21,A21)<>IF(C21<0,B21,A21),"UPSET","-")) | L21: =IF($Q21="","",18) | M21: =IF($Q21="","",INDEX($A$4:$A$33,$Q21)&" @ "&INDEX($B$4:$B$33,$Q21)) | N21: =IF($Q21="","",INDEX($F$4:$F$33,$Q21)) | O21: =IF($Q21="","",INDEX($H$4:$H$33,$Q21)) | P21: =IF($Q21="","",INDEX($I$4:$I$33,$Q21)) | Q21: =IFERROR(MATCH(LARGE($G$4:$G$33,18),$G$4:$G$33,0),"")
D22: =IF(OR(A22="",B22=""),"",ROUND((INDEX('Power Ratings'!$O$2:$O$139,MATCH(B22,'Power Ratings'!$B$2:$B$139,0))-INDEX('Power Ratings'!$O$2:$O$139,MATCH(A22,'Power Ratings'!$B$2:$B$139,0))+IF(LEFT(UPPER(K22),1)="Y",0,'Weights & Params'!$B$12))*2,0)/2) | E22: =IF(D22="","",-D22) | F22: =IF(OR(A22="",B22="",C22=""),"",D22+C22) | G22: =IF(F22="","",ABS(F22)+(1000-ROW())*0.0000001) | H22: =IF(F22="","",IF(F22>=0,B22,A22)) | I22: =IF(F22="","",MIN(0.99,NORMSDIST(ABS(F22)/'Weights & Params'!$B$13))) | J22: =IF(F22="","",IF(IF(D22>=0,B22,A22)<>IF(C22<0,B22,A22),"UPSET","-")) | L22: =IF($Q22="","",19) | M22: =IF($Q22="","",INDEX($A$4:$A$33,$Q22)&" @ "&INDEX($B$4:$B$33,$Q22)) | N22: =IF($Q22="","",INDEX($F$4:$F$33,$Q22)) | O22: =IF($Q22="","",INDEX($H$4:$H$33,$Q22)) | P22: =IF($Q22="","",INDEX($I$4:$I$33,$Q22)) | Q22: =IFERROR(MATCH(LARGE($G$4:$G$33,19),$G$4:$G$33,0),"")
D23: =IF(OR(A23="",B23=""),"",ROUND((INDEX('Power Ratings'!$O$2:$O$139,MATCH(B23,'Power Ratings'!$B$2:$B$139,0))-INDEX('Power Ratings'!$O$2:$O$139,MATCH(A23,'Power Ratings'!$B$2:$B$139,0))+IF(LEFT(UPPER(K23),1)="Y",0,'Weights & Params'!$B$12))*2,0)/2) | E23: =IF(D23="","",-D23) | F23: =IF(OR(A23="",B23="",C23=""),"",D23+C23) | G23: =IF(F23="","",ABS(F23)+(1000-ROW())*0.0000001) | H23: =IF(F23="","",IF(F23>=0,B23,A23)) | I23: =IF(F23="","",MIN(0.99,NORMSDIST(ABS(F23)/'Weights & Params'!$B$13))) | J23: =IF(F23="","",IF(IF(D23>=0,B23,A23)<>IF(C23<0,B23,A23),"UPSET","-")) | L23: =IF($Q23="","",20) | M23: =IF($Q23="","",INDEX($A$4:$A$33,$Q23)&" @ "&INDEX($B$4:$B$33,$Q23)) | N23: =IF($Q23="","",INDEX($F$4:$F$33,$Q23)) | O23: =IF($Q23="","",INDEX($H$4:$H$33,$Q23)) | P23: =IF($Q23="","",INDEX($I$4:$I$33,$Q23)) | Q23: =IFERROR(MATCH(LARGE($G$4:$G$33,20),$G$4:$G$33,0),"")
D24: =IF(OR(A24="",B24=""),"",ROUND((INDEX('Power Ratings'!$O$2:$O$139,MATCH(B24,'Power Ratings'!$B$2:$B$139,0))-INDEX('Power Ratings'!$O$2:$O$139,MATCH(A24,'Power Ratings'!$B$2:$B$139,0))+IF(LEFT(UPPER(K24),1)="Y",0,'Weights & Params'!$B$12))*2,0)/2) | E24: =IF(D24="","",-D24) | F24: =IF(OR(A24="",B24="",C24=""),"",D24+C24) | G24: =IF(F24="","",ABS(F24)+(1000-ROW())*0.0000001) | H24: =IF(F24="","",IF(F24>=0,B24,A24)) | I24: =IF(F24="","",MIN(0.99,NORMSDIST(ABS(F24)/'Weights & Params'!$B$13))) | J24: =IF(F24="","",IF(IF(D24>=0,B24,A24)<>IF(C24<0,B24,A24),"UPSET","-")) | L24: =IF($Q24="","",21) | M24: =IF($Q24="","",INDEX($A$4:$A$33,$Q24)&" @ "&INDEX($B$4:$B$33,$Q24)) | N24: =IF($Q24="","",INDEX($F$4:$F$33,$Q24)) | O24: =IF($Q24="","",INDEX($H$4:$H$33,$Q24)) | P24: =IF($Q24="","",INDEX($I$4:$I$33,$Q24)) | Q24: =IFERROR(MATCH(LARGE($G$4:$G$33,21),$G$4:$G$33,0),"")
D25: =IF(OR(A25="",B25=""),"",ROUND((INDEX('Power Ratings'!$O$2:$O$139,MATCH(B25,'Power Ratings'!$B$2:$B$139,0))-INDEX('Power Ratings'!$O$2:$O$139,MATCH(A25,'Power Ratings'!$B$2:$B$139,0))+IF(LEFT(UPPER(K25),1)="Y",0,'Weights & Params'!$B$12))*2,0)/2) | E25: =IF(D25="","",-D25) | F25: =IF(OR(A25="",B25="",C25=""),"",D25+C25) | G25: =IF(F25="","",ABS(F25)+(1000-ROW())*0.0000001) | H25: =IF(F25="","",IF(F25>=0,B25,A25)) | I25: =IF(F25="","",MIN(0.99,NORMSDIST(ABS(F25)/'Weights & Params'!$B$13))) | J25: =IF(F25="","",IF(IF(D25>=0,B25,A25)<>IF(C25<0,B25,A25),"UPSET","-")) | L25: =IF($Q25="","",22) | M25: =IF($Q25="","",INDEX($A$4:$A$33,$Q25)&" @ "&INDEX($B$4:$B$33,$Q25)) | N25: =IF($Q25="","",INDEX($F$4:$F$33,$Q25)) | O25: =IF($Q25="","",INDEX($H$4:$H$33,$Q25)) | P25: =IF($Q25="","",INDEX($I$4:$I$33,$Q25)) | Q25: =IFERROR(MATCH(LARGE($G$4:$G$33,22),$G$4:$G$33,0),"")
D26: =IF(OR(A26="",B26=""),"",ROUND((INDEX('Power Ratings'!$O$2:$O$139,MATCH(B26,'Power Ratings'!$B$2:$B$139,0))-INDEX('Power Ratings'!$O$2:$O$139,MATCH(A26,'Power Ratings'!$B$2:$B$139,0))+IF(LEFT(UPPER(K26),1)="Y",0,'Weights & Params'!$B$12))*2,0)/2) | E26: =IF(D26="","",-D26) | F26: =IF(OR(A26="",B26="",C26=""),"",D26+C26) | G26: =IF(F26="","",ABS(F26)+(1000-ROW())*0.0000001) | H26: =IF(F26="","",IF(F26>=0,B26,A26)) | I26: =IF(F26="","",MIN(0.99,NORMSDIST(ABS(F26)/'Weights & Params'!$B$13))) | J26: =IF(F26="","",IF(IF(D26>=0,B26,A26)<>IF(C26<0,B26,A26),"UPSET","-")) | L26: =IF($Q26="","",23) | M26: =IF($Q26="","",INDEX($A$4:$A$33,$Q26)&" @ "&INDEX($B$4:$B$33,$Q26)) | N26: =IF($Q26="","",INDEX($F$4:$F$33,$Q26)) | O26: =IF($Q26="","",INDEX($H$4:$H$33,$Q26)) | P26: =IF($Q26="","",INDEX($I$4:$I$33,$Q26)) | Q26: =IFERROR(MATCH(LARGE($G$4:$G$33,23),$G$4:$G$33,0),"")
D27: =IF(OR(A27="",B27=""),"",ROUND((INDEX('Power Ratings'!$O$2:$O$139,MATCH(B27,'Power Ratings'!$B$2:$B$139,0))-INDEX('Power Ratings'!$O$2:$O$139,MATCH(A27,'Power Ratings'!$B$2:$B$139,0))+IF(LEFT(UPPER(K27),1)="Y",0,'Weights & Params'!$B$12))*2,0)/2) | E27: =IF(D27="","",-D27) | F27: =IF(OR(A27="",B27="",C27=""),"",D27+C27) | G27: =IF(F27="","",ABS(F27)+(1000-ROW())*0.0000001) | H27: =IF(F27="","",IF(F27>=0,B27,A27)) | I27: =IF(F27="","",MIN(0.99,NORMSDIST(ABS(F27)/'Weights & Params'!$B$13))) | J27: =IF(F27="","",IF(IF(D27>=0,B27,A27)<>IF(C27<0,B27,A27),"UPSET","-")) | L27: =IF($Q27="","",24) | M27: =IF($Q27="","",INDEX($A$4:$A$33,$Q27)&" @ "&INDEX($B$4:$B$33,$Q27)) | N27: =IF($Q27="","",INDEX($F$4:$F$33,$Q27)) | O27: =IF($Q27="","",INDEX($H$4:$H$33,$Q27)) | P27: =IF($Q27="","",INDEX($I$4:$I$33,$Q27)) | Q27: =IFERROR(MATCH(LARGE($G$4:$G$33,24),$G$4:$G$33,0),"")
D28: =IF(OR(A28="",B28=""),"",ROUND((INDEX('Power Ratings'!$O$2:$O$139,MATCH(B28,'Power Ratings'!$B$2:$B$139,0))-INDEX('Power Ratings'!$O$2:$O$139,MATCH(A28,'Power Ratings'!$B$2:$B$139,0))+IF(LEFT(UPPER(K28),1)="Y",0,'Weights & Params'!$B$12))*2,0)/2) | E28: =IF(D28="","",-D28) | F28: =IF(OR(A28="",B28="",C28=""),"",D28+C28) | G28: =IF(F28="","",ABS(F28)+(1000-ROW())*0.0000001) | H28: =IF(F28="","",IF(F28>=0,B28,A28)) | I28: =IF(F28="","",MIN(0.99,NORMSDIST(ABS(F28)/'Weights & Params'!$B$13))) | J28: =IF(F28="","",IF(IF(D28>=0,B28,A28)<>IF(C28<0,B28,A28),"UPSET","-")) | L28: =IF($Q28="","",25) | M28: =IF($Q28="","",INDEX($A$4:$A$33,$Q28)&" @ "&INDEX($B$4:$B$33,$Q28)) | N28: =IF($Q28="","",INDEX($F$4:$F$33,$Q28)) | O28: =IF($Q28="","",INDEX($H$4:$H$33,$Q28)) | P28: =IF($Q28="","",INDEX($I$4:$I$33,$Q28)) | Q28: =IFERROR(MATCH(LARGE($G$4:$G$33,25),$G$4:$G$33,0),"")
D29: =IF(OR(A29="",B29=""),"",ROUND((INDEX('Power Ratings'!$O$2:$O$139,MATCH(B29,'Power Ratings'!$B$2:$B$139,0))-INDEX('Power Ratings'!$O$2:$O$139,MATCH(A29,'Power Ratings'!$B$2:$B$139,0))+IF(LEFT(UPPER(K29),1)="Y",0,'Weights & Params'!$B$12))*2,0)/2) | E29: =IF(D29="","",-D29) | F29: =IF(OR(A29="",B29="",C29=""),"",D29+C29) | G29: =IF(F29="","",ABS(F29)+(1000-ROW())*0.0000001) | H29: =IF(F29="","",IF(F29>=0,B29,A29)) | I29: =IF(F29="","",MIN(0.99,NORMSDIST(ABS(F29)/'Weights & Params'!$B$13))) | J29: =IF(F29="","",IF(IF(D29>=0,B29,A29)<>IF(C29<0,B29,A29),"UPSET","-")) | L29: =IF($Q29="","",26) | M29: =IF($Q29="","",INDEX($A$4:$A$33,$Q29)&" @ "&INDEX($B$4:$B$33,$Q29)) | N29: =IF($Q29="","",INDEX($F$4:$F$33,$Q29)) | O29: =IF($Q29="","",INDEX($H$4:$H$33,$Q29)) | P29: =IF($Q29="","",INDEX($I$4:$I$33,$Q29)) | Q29: =IFERROR(MATCH(LARGE($G$4:$G$33,26),$G$4:$G$33,0),"")
D30: =IF(OR(A30="",B30=""),"",ROUND((INDEX('Power Ratings'!$O$2:$O$139,MATCH(B30,'Power Ratings'!$B$2:$B$139,0))-INDEX('Power Ratings'!$O$2:$O$139,MATCH(A30,'Power Ratings'!$B$2:$B$139,0))+IF(LEFT(UPPER(K30),1)="Y",0,'Weights & Params'!$B$12))*2,0)/2) | E30: =IF(D30="","",-D30) | F30: =IF(OR(A30="",B30="",C30=""),"",D30+C30) | G30: =IF(F30="","",ABS(F30)+(1000-ROW())*0.0000001) | H30: =IF(F30="","",IF(F30>=0,B30,A30)) | I30: =IF(F30="","",MIN(0.99,NORMSDIST(ABS(F30)/'Weights & Params'!$B$13))) | J30: =IF(F30="","",IF(IF(D30>=0,B30,A30)<>IF(C30<0,B30,A30),"UPSET","-")) | L30: =IF($Q30="","",27) | M30: =IF($Q30="","",INDEX($A$4:$A$33,$Q30)&" @ "&INDEX($B$4:$B$33,$Q30)) | N30: =IF($Q30="","",INDEX($F$4:$F$33,$Q30)) | O30: =IF($Q30="","",INDEX($H$4:$H$33,$Q30)) | P30: =IF($Q30="","",INDEX($I$4:$I$33,$Q30)) | Q30: =IFERROR(MATCH(LARGE($G$4:$G$33,27),$G$4:$G$33,0),"")
D31: =IF(OR(A31="",B31=""),"",ROUND((INDEX('Power Ratings'!$O$2:$O$139,MATCH(B31,'Power Ratings'!$B$2:$B$139,0))-INDEX('Power Ratings'!$O$2:$O$139,MATCH(A31,'Power Ratings'!$B$2:$B$139,0))+IF(LEFT(UPPER(K31),1)="Y",0,'Weights & Params'!$B$12))*2,0)/2) | E31: =IF(D31="","",-D31) | F31: =IF(OR(A31="",B31="",C31=""),"",D31+C31) | G31: =IF(F31="","",ABS(F31)+(1000-ROW())*0.0000001) | H31: =IF(F31="","",IF(F31>=0,B31,A31)) | I31: =IF(F31="","",MIN(0.99,NORMSDIST(ABS(F31)/'Weights & Params'!$B$13))) | J31: =IF(F31="","",IF(IF(D31>=0,B31,A31)<>IF(C31<0,B31,A31),"UPSET","-")) | L31: =IF($Q31="","",28) | M31: =IF($Q31="","",INDEX($A$4:$A$33,$Q31)&" @ "&INDEX($B$4:$B$33,$Q31)) | N31: =IF($Q31="","",INDEX($F$4:$F$33,$Q31)) | O31: =IF($Q31="","",INDEX($H$4:$H$33,$Q31)) | P31: =IF($Q31="","",INDEX($I$4:$I$33,$Q31)) | Q31: =IFERROR(MATCH(LARGE($G$4:$G$33,28),$G$4:$G$33,0),"")
D32: =IF(OR(A32="",B32=""),"",ROUND((INDEX('Power Ratings'!$O$2:$O$139,MATCH(B32,'Power Ratings'!$B$2:$B$139,0))-INDEX('Power Ratings'!$O$2:$O$139,MATCH(A32,'Power Ratings'!$B$2:$B$139,0))+IF(LEFT(UPPER(K32),1)="Y",0,'Weights & Params'!$B$12))*2,0)/2) | E32: =IF(D32="","",-D32) | F32: =IF(OR(A32="",B32="",C32=""),"",D32+C32) | G32: =IF(F32="","",ABS(F32)+(1000-ROW())*0.0000001) | H32: =IF(F32="","",IF(F32>=0,B32,A32)) | I32: =IF(F32="","",MIN(0.99,NORMSDIST(ABS(F32)/'Weights & Params'!$B$13))) | J32: =IF(F32="","",IF(IF(D32>=0,B32,A32)<>IF(C32<0,B32,A32),"UPSET","-")) | L32: =IF($Q32="","",29) | M32: =IF($Q32="","",INDEX($A$4:$A$33,$Q32)&" @ "&INDEX($B$4:$B$33,$Q32)) | N32: =IF($Q32="","",INDEX($F$4:$F$33,$Q32)) | O32: =IF($Q32="","",INDEX($H$4:$H$33,$Q32)) | P32: =IF($Q32="","",INDEX($I$4:$I$33,$Q32)) | Q32: =IFERROR(MATCH(LARGE($G$4:$G$33,29),$G$4:$G$33,0),"")
D33: =IF(OR(A33="",B33=""),"",ROUND((INDEX('Power Ratings'!$O$2:$O$139,MATCH(B33,'Power Ratings'!$B$2:$B$139,0))-INDEX('Power Ratings'!$O$2:$O$139,MATCH(A33,'Power Ratings'!$B$2:$B$139,0))+IF(LEFT(UPPER(K33),1)="Y",0,'Weights & Params'!$B$12))*2,0)/2) | E33: =IF(D33="","",-D33) | F33: =IF(OR(A33="",B33="",C33=""),"",D33+C33) | G33: =IF(F33="","",ABS(F33)+(1000-ROW())*0.0000001) | H33: =IF(F33="","",IF(F33>=0,B33,A33)) | I33: =IF(F33="","",MIN(0.99,NORMSDIST(ABS(F33)/'Weights & Params'!$B$13))) | J33: =IF(F33="","",IF(IF(D33>=0,B33,A33)<>IF(C33<0,B33,A33),"UPSET","-")) | L33: =IF($Q33="","",30) | M33: =IF($Q33="","",INDEX($A$4:$A$33,$Q33)&" @ "&INDEX($B$4:$B$33,$Q33)) | N33: =IF($Q33="","",INDEX($F$4:$F$33,$Q33)) | O33: =IF($Q33="","",INDEX($H$4:$H$33,$Q33)) | P33: =IF($Q33="","",INDEX($I$4:$I$33,$Q33)) | Q33: =IFERROR(MATCH(LARGE($G$4:$G$33,30),$G$4:$G$33,0),"")

Sheet Schedule
A1: Date | B1: Week | C1: Away | D1: Home | E1: Site | F1: Result | G1: Key
A2: Sat Aug 29 12:00 PM ET | B2: 1 | C2: North Carolina | D2: TCU | E2: Neutral site | F2: 15-10 | G2: North Carolina|TCU
A3: Sat Aug 29 3:00 PM ET | B3: 1 | C3: San Jose State | D3: USC | E3: Los Angeles Memorial Coliseum | F3: 26-42 | G3: San Jose State|USC
A4: Sat Aug 29 3:30 PM ET | B4: 1 | C4: NC State | D4: Virginia | E4: Scott Stadium | F4: 8-34 | G4: NC State|Virginia
A5: Sat Aug 29 5:30 PM ET | B5: 1 | C5: Jacksonville State | D5: North Dakota State | E5: Fargodome | F5: 7-33 | G5: Jacksonville State|North Dakota State
A6: Sat Aug 29 6:30 PM ET | B6: 1 | C6: Sacramento State | D6: Eastern Michigan | E6: Rynearson Stadium | F6: 17-28 | G6: Eastern Michigan|Sacramento State
A7: Sat Aug 29 7:00 PM ET | B7: 1 | C7: New Mexico State | D7: Florida State | E7: Doak Campbell Stadium | F7: 17-34 | G7: Florida State|New Mexico State
A8: Sat Aug 29 7:00 PM ET | B8: 1 | C8: Hawaii | D8: Stanford | E8: Stanford Stadium | F8: 27-37 | G8: Hawaii|Stanford
A9: Sat Aug 29 10:00 PM ET | B9: 1 | C9: Memphis | D9: UNLV | E9: Allegiant Stadium | F9: 27-21 | G9: Memphis|UNLV
A10: Thu Sep 03 6:00 PM ET | B10: 1 | C10: UMass | D10: Rutgers | E10: SHI Stadium | F10: 37-21 | G10: Rutgers|UMass
A11: Thu Sep 03 7:00 PM ET | B11: 1 | C11: Merrimack | D11: Delaware | E11: Delaware Stadium | F11: 7-42 | G11: Delaware|Merrimack
A12: Thu Sep 03 7:00 PM ET | B12: 1 | C12: UAlbany | D12: Buffalo | E12: UB Stadium | F12: 17-21 | G12: Buffalo|UAlbany
A13: Thu Sep 03 7:00 PM ET | B13: 1 | C13: Akron | D13: Wake Forest | E13: Allegacy Federal Credit Union Stadium | F13: 16-38 | G13: Akron|Wake Forest
... A261: Sat Sep 19 11:00 PM ET | B261: 3 | C261: Purdue | D261: UCLA | E261: Rose Bowl | F261: 38-52 | G261: Purdue|UCLA
A262: Thu Sep 24 7:30 PM ET | B262: 4 | C262: Liberty | D262: Coastal Carolina | E262: Brooks Stadium (SC) | G262: Coastal Carolina|Liberty
A263: Fri Sep 25 4:00 PM ET | B263: 4 | C263: Army | D263: Temple | E263: Lincoln Financial Field | G263: Army|Temple
A264: Fri Sep 25 7:00 PM ET | B264: 4 | C264: Navy | D264: UAB | E264: Protective Stadium | G264: Navy|UAB
A265: Fri Sep 25 7:00 PM ET | B265: 4 | C265: Howard | D265: Rutgers | E265: SHI Stadium | G265: Howard|Rutgers
A266: Fri Sep 25 8:00 PM ET | B266: 4 | C266: Northwestern | D266: Indiana | E266: Memorial Stadium (Bloomington, IN) | G266: Indiana|Northwestern
A267: Fri Sep 25 10:30 PM ET | B267: 4 | C267: Clemson | D267: California | E267: California Memorial Stadium | G267: California|Clemson
A268: Sat Sep 26 12:00 PM ET | B268: 4 | C268: Wake Forest | D268: Louisville | E268: L&N Federal Credit Union Stadium | G268: Louisville|Wake Forest
A269: Sat Sep 26 12:00 PM ET | B269: 4 | C269: Colorado State | D269: UTSA | E269: Alamodome | G269: Colorado State|UTSA
A270: Sat Sep 26 12:00 PM ET | B270: 4 | C270: San Diego State | D270: Toledo | E270: Glass Bowl | G270: San Diego State|Toledo
A271: Sat Sep 26 12:00 PM ET | B271: 4 | C271: Bucknell | D271: Pittsburgh | E271: Acrisure Stadium | G271: Bucknell|Pittsburgh
A272: Sat Sep 26 12:00 PM ET | B272: 4 | C272: Texas | D272: Tennessee | E272: Neyland Stadium | G272: Tennessee|Texas
A273: Sat Sep 26 12:00 PM ET | B273: 4 | C273: Ball State | D273: Kent State | E273: Dix Stadium | G273: Ball State|Kent State
... A889: Sat Dec 12 3:00 PM ET | B889: 15 | C889: Navy | D889: Army | E889: Neutral site | G889: Army|Navy

Sheet Power Ratings
A1: Rank | B1: Team | C1: Conf | D1: SP+ | E1: Talent | F1: Form | G1: Succ Rate | H1: Explos. | I1: Off PPA | J1: Def PPA | K1: Eff (raw z) | L1: Talent (pts) | M1: Form (pts) | N1: Eff (pts) | O1: POWER RATING | P1: Def Havoc | Q1: Off Havoc | R1: Havoc net z | S1: Havoc (pts)
A2: =RANK(O2,$O$2:$O$139,0) | B2: Air Force | C2: =INDEX('Auto Feed'!$B$2:$B$139,MATCH($B2,'Auto Feed'!$A$2:$A$139,0)) | D2: =INDEX('Weekly Input'!$B$2:$B$139,MATCH($B2,'Weekly Input'!$A$2:$A$139,0)) | E2: =INDEX('Auto Feed'!$C$2:$C$139,MATCH($B2,'Auto Feed'!$A$2:$A$139,0)) | F2: =INDEX('Auto Feed'!$D$2:$D$139,MATCH($B2,'Auto Feed'!$A$2:$A$139,0)) | G2: =INDEX('Auto Feed'!$E$2:$E$139,MATCH($B2,'Auto Feed'!$A$2:$A$139,0)) | H2: =INDEX('Auto Feed'!$F$2:$F$139,MATCH($B2,'Auto Feed'!$A$2:$A$139,0)) | I2: =INDEX('Auto Feed'!$G$2:$G$139,MATCH($B2,'Auto Feed'!$A$2:$A$139,0)) | J2: =INDEX('Auto Feed'!$H$2:$H$139,MATCH($B2,'Auto Feed'!$A$2:$A$139,0)) | K2: =((G2-AVERAGE('Auto Feed'!$E$2:$E$139))/STDEV('Auto Feed'!$E$2:$E$139))+((H2-AVERAGE('Auto Feed'!$F$2:$F$139))/STDEV('Auto Feed'!$F$2:$F$139))+((I2-AVERAGE('Auto Feed'!$G$2:$G$139))/STDEV('Auto Feed'!$G$2:$G$139))-((J2-AVERAGE('Auto Feed'!$H$2:$H$139))/STDEV('Auto Feed'!$H$2:$H$139)) | L2: =((E2-AVERAGE('Auto Feed'!$C$2:$C$139))/STDEV('Auto Feed'!$C$2:$C$139))*'Weights & Params'!$B$14 | M2: =((F2-AVERAGE('Auto Feed'!$D$2:$D$139))/STDEV('Auto Feed'!$D$2:$D$139))*'Weights & Params'!$B$14 | N2: =((K2-AVERAGE($K$2:$K$139))/STDEV($K$2:$K$139))*'Weights & Params'!$B$14 | O2: ='Weights & Params'!$B$5*D2+'Weights & Params'!$B$6*L2+'Weights & Params'!$B$7*M2+'Weights & Params'!$B$8*N2+'Weights & Params'!$B$17*S2 | P2: =INDEX('Auto Feed'!$I$2:$I$139,MATCH($B2,'Auto Feed'!$A$2:$A$139,0)) | Q2: =INDEX('Auto Feed'!$J$2:$J$139,MATCH($B2,'Auto Feed'!$A$2:$A$139,0)) | R2: =((P2-AVERAGE('Auto Feed'!$I$2:$I$139))/STDEV('Auto Feed'!$I$2:$I$139))-((Q2-AVERAGE('Auto Feed'!$J$2:$J$139))/STDEV('Auto Feed'!$J$2:$J$139)) | S2: =((R2-AVERAGE($R$2:$R$139))/STDEV($R$2:$R$139))*'Weights & Params'!$B$14
A3: =RANK(O3,$O$2:$O$139,0) | B3: Akron | C3: =INDEX('Auto Feed'!$B$2:$B$139,MATCH($B3,'Auto Feed'!$A$2:$A$139,0)) | D3: =INDEX('Weekly Input'!$B$2:$B$139,MATCH($B3,'Weekly Input'!$A$2:$A$139,0)) | E3: =INDEX('Auto Feed'!$C$2:$C$139,MATCH($B3,'Auto Feed'!$A$2:$A$139,0)) | F3: =INDEX('Auto Feed'!$D$2:$D$139,MATCH($B3,'Auto Feed'!$A$2:$A$139,0)) | G3: =INDEX('Auto Feed'!$E$2:$E$139,MATCH($B3,'Auto Feed'!$A$2:$A$139,0)) | H3: =INDEX('Auto Feed'!$F$2:$F$139,MATCH($B3,'Auto Feed'!$A$2:$A$139,0)) | I3: =INDEX('Auto Feed'!$G$2:$G$139,MATCH($B3,'Auto Feed'!$A$2:$A$139,0)) | J3: =INDEX('Auto Feed'!$H$2:$H$139,MATCH($B3,'Auto Feed'!$A$2:$A$139,0)) | K3: =((G3-AVERAGE('Auto Feed'!$E$2:$E$139))/STDEV('Auto Feed'!$E$2:$E$139))+((H3-AVERAGE('Auto Feed'!$F$2:$F$139))/STDEV('Auto Feed'!$F$2:$F$139))+((I3-AVERAGE('Auto Feed'!$G$2:$G$139))/STDEV('Auto Feed'!$G$2:$G$139))-((J3-AVERAGE('Auto Feed'!$H$2:$H$139))/STDEV('Auto Feed'!$H$2:$H$139)) | L3: =((E3-AVERAGE('Auto Feed'!$C$2:$C$139))/STDEV('Auto Feed'!$C$2:$C$139))*'Weights & Params'!$B$14 | M3: =((F3-AVERAGE('Auto Feed'!$D$2:$D$139))/STDEV('Auto Feed'!$D$2:$D$139))*'Weights & Params'!$B$14 | N3: =((K3-AVERAGE($K$2:$K$139))/STDEV($K$2:$K$139))*'Weights & Params'!$B$14 | O3: ='Weights & Params'!$B$5*D3+'Weights & Params'!$B$6*L3+'Weights & Params'!$B$7*M3+'Weights & Params'!$B$8*N3+'Weights & Params'!$B$17*S3 | P3: =INDEX('Auto Feed'!$I$2:$I$139,MATCH($B3,'Auto Feed'!$A$2:$A$139,0)) | Q3: =INDEX('Auto Feed'!$J$2:$J$139,MATCH($B3,'Auto Feed'!$A$2:$A$139,0)) | R3: =((P3-AVERAGE('Auto Feed'!$I$2:$I$139))/STDEV('Auto Feed'!$I$2:$I$139))-((Q3-AVERAGE('Auto Feed'!$J$2:$J$139))/STDEV('Auto Feed'!$J$2:$J$139)) | S3: =((R3-AVERAGE($R$2:$R$139))/STDEV($R$2:$R$139))*'Weights & Params'!$B$14
A4: =RANK(O4,$O$2:$O$139,0) | B4: Alabama | C4: =INDEX('Auto Feed'!$B$2:$B$139,MATCH($B4,'Auto Feed'!$A$2:$A$139,0)) | D4: =INDEX('Weekly Input'!$B$2:$B$139,MATCH($B4,'Weekly Input'!$A$2:$A$139,0)) | E4: =INDEX('Auto Feed'!$C$2:$C$139,MATCH($B4,'Auto Feed'!$A$2:$A$139,0)) | F4: =INDEX('Auto Feed'!$D$2:$D$139,MATCH($B4,'Auto Feed'!$A$2:$A$139,0)) | G4: =INDEX('Auto Feed'!$E$2:$E$139,MATCH($B4,'Auto Feed'!$A$2:$A$139,0)) | H4: =INDEX('Auto Feed'!$F$2:$F$139,MATCH($B4,'Auto Feed'!$A$2:$A$139,0)) | I4: =INDEX('Auto Feed'!$G$2:$G$139,MATCH($B4,'Auto Feed'!$A$2:$A$139,0)) | J4: =INDEX('Auto Feed'!$H$2:$H$139,MATCH($B4,'Auto Feed'!$A$2:$A$139,0)) | K4: =((G4-AVERAGE('Auto Feed'!$E$2:$E$139))/STDEV('Auto Feed'!$E$2:$E$139))+((H4-AVERAGE('Auto Feed'!$F$2:$F$139))/STDEV('Auto Feed'!$F$2:$F$139))+((I4-AVERAGE('Auto Feed'!$G$2:$G$139))/STDEV('Auto Feed'!$G$2:$G$139))-((J4-AVERAGE('Auto Feed'!$H$2:$H$139))/STDEV('Auto Feed'!$H$2:$H$139)) | L4: =((E4-AVERAGE('Auto Feed'!$C$2:$C$139))/STDEV('Auto Feed'!$C$2:$C$139))*'Weights & Params'!$B$14 | M4: =((F4-AVERAGE('Auto Feed'!$D$2:$D$139))/STDEV('Auto Feed'!$D$2:$D$139))*'Weights & Params'!$B$14 | N4: =((K4-AVERAGE($K$2:$K$139))/STDEV($K$2:$K$139))*'Weights & Params'!$B$14 | O4: ='Weights & Params'!$B$5*D4+'Weights & Params'!$B$6*L4+'Weights & Params'!$B$7*M4+'Weights & Params'!$B$8*N4+'Weights & Params'!$B$17*S4 | P4: =INDEX('Auto Feed'!$I$2:$I$139,MATCH($B4,'Auto Feed'!$A$2:$A$139,0)) | Q4: =INDEX('Auto Feed'!$J$2:$J$139,MATCH($B4,'Auto Feed'!$A$2:$A$139,0)) | R4: =((P4-AVERAGE('Auto Feed'!$I$2:$I$139))/STDEV('Auto Feed'!$I$2:$I$139))-((Q4-AVERAGE('Auto Feed'!$J$2:$J$139))/STDEV('Auto Feed'!$J$2:$J$139)) | S4: =((R4-AVERAGE($R$2:$R$139))/STDEV($R$2:$R$139))*'Weights & Params'!$B$14
A5: =RANK(O5,$O$2:$O$139,0) | B5: Appalachian State | C5: =INDEX('Auto Feed'!$B$2:$B$139,MATCH($B5,'Auto Feed'!$A$2:$A$139,0)) | D5: =INDEX('Weekly Input'!$B$2:$B$139,MATCH($B5,'Weekly Input'!$A$2:$A$139,0)) | E5: =INDEX('Auto Feed'!$C$2:$C$139,MATCH($B5,'Auto Feed'!$A$2:$A$139,0)) | F5: =INDEX('Auto Feed'!$D$2:$D$139,MATCH($B5,'Auto Feed'!$A$2:$A$139,0)) | G5: =INDEX('Auto Feed'!$E$2:$E$139,MATCH($B5,'Auto Feed'!$A$2:$A$139,0)) | H5: =INDEX('Auto Feed'!$F$2:$F$139,MATCH($B5,'Auto Feed'!$A$2:$A$139,0)) | I5: =INDEX('Auto Feed'!$G$2:$G$139,MATCH($B5,'Auto Feed'!$A$2:$A$139,0)) | J5: =INDEX('Auto Feed'!$H$2:$H$139,MATCH($B5,'Auto Feed'!$A$2:$A$139,0)) | K5: =((G5-AVERAGE('Auto Feed'!$E$2:$E$139))/STDEV('Auto Feed'!$E$2:$E$139))+((H5-AVERAGE('Auto Feed'!$F$2:$F$139))/STDEV('Auto Feed'!$F$2:$F$139))+((I5-AVERAGE('Auto Feed'!$G$2:$G$139))/STDEV('Auto Feed'!$G$2:$G$139))-((J5-AVERAGE('Auto Feed'!$H$2:$H$139))/STDEV('Auto Feed'!$H$2:$H$139)) | L5: =((E5-AVERAGE('Auto Feed'!$C$2:$C$139))/STDEV('Auto Feed'!$C$2:$C$139))*'Weights & Params'!$B$14 | M5: =((F5-AVERAGE('Auto Feed'!$D$2:$D$139))/STDEV('Auto Feed'!$D$2:$D$139))*'Weights & Params'!$B$14 | N5: =((K5-AVERAGE($K$2:$K$139))/STDEV($K$2:$K$139))*'Weights & Params'!$B$14 | O5: ='Weights & Params'!$B$5*D5+'Weights & Params'!$B$6*L5+'Weights & Params'!$B$7*M5+'Weights & Params'!$B$8*N5+'Weights & Params'!$B$17*S5 | P5: =INDEX('Auto Feed'!$I$2:$I$139,MATCH($B5,'Auto Feed'!$A$2:$A$139,0)) | Q5: =INDEX('Auto Feed'!$J$2:$J$139,MATCH($B5,'Auto Feed'!$A$2:$A$139,0)) | R5: =((P5-AVERAGE('Auto Feed'!$I$2:$I$139))/STDEV('Auto Feed'!$I$2:$I$139))-((Q5-AVERAGE('Auto Feed'!$J$2:$J$139))/STDEV('Auto Feed'!$J$2:$J$139)) | S5: =((R5-AVERAGE($R$2:$R$139))/STDEV($R$2:$R$139))*'Weights & Params'!$B$14
A6: =RANK(O6,$O$2:$O$139,0) | B6: Arizona | C6: =INDEX('Auto Feed'!$B$2:$B$139,MATCH($B6,'Auto Feed'!$A$2:$A$139,0)) | D6: =INDEX('Weekly Input'!$B$2:$B$139,MATCH($B6,'Weekly Input'!$A$2:$A$139,0)) | E6: =INDEX('Auto Feed'!$C$2:$C$139,MATCH($B6,'Auto Feed'!$A$2:$A$139,0)) | F6: =INDEX('Auto Feed'!$D$2:$D$139,MATCH($B6,'Auto Feed'!$A$2:$A$139,0)) | G6: =INDEX('Auto Feed'!$E$2:$E$139,MATCH($B6,'Auto Feed'!$A$2:$A$139,0)) | H6: =INDEX('Auto Feed'!$F$2:$F$139,MATCH($B6,'Auto Feed'!$A$2:$A$139,0)) | I6: =INDEX('Auto Feed'!$G$2:$G$139,MATCH($B6,'Auto Feed'!$A$2:$A$139,0)) | J6: =INDEX('Auto Feed'!$H$2:$H$139,MATCH($B6,'Auto Feed'!$A$2:$A$139,0)) | K6: =((G6-AVERAGE('Auto Feed'!$E$2:$E$139))/STDEV('Auto Feed'!$E$2:$E$139))+((H6-AVERAGE('Auto Feed'!$F$2:$F$139))/STDEV('Auto Feed'!$F$2:$F$139))+((I6-AVERAGE('Auto Feed'!$G$2:$G$139))/STDEV('Auto Feed'!$G$2:$G$139))-((J6-AVERAGE('Auto Feed'!$H$2:$H$139))/STDEV('Auto Feed'!$H$2:$H$139)) | L6: =((E6-AVERAGE('Auto Feed'!$C$2:$C$139))/STDEV('Auto Feed'!$C$2:$C$139))*'Weights & Params'!$B$14 | M6: =((F6-AVERAGE('Auto Feed'!$D$2:$D$139))/STDEV('Auto Feed'!$D$2:$D$139))*'Weights & Params'!$B$14 | N6: =((K6-AVERAGE($K$2:$K$139))/STDEV($K$2:$K$139))*'Weights & Params'!$B$14 | O6: ='Weights & Params'!$B$5*D6+'Weights & Params'!$B$6*L6+'Weights & Params'!$B$7*M6+'Weights & Params'!$B$8*N6+'Weights & Params'!$B$17*S6 | P6: =INDEX('Auto Feed'!$I$2:$I$139,MATCH($B6,'Auto Feed'!$A$2:$A$139,0)) | Q6: =INDEX('Auto Feed'!$J$2:$J$139,MATCH($B6,'Auto Feed'!$A$2:$A$139,0)) | R6: =((P6-AVERAGE('Auto Feed'!$I$2:$I$139))/STDEV('Auto Feed'!$I$2:$I$139))-((Q6-AVERAGE('Auto Feed'!$J$2:$J$139))/STDEV('Auto Feed'!$J$2:$J$139)) | S6: =((R6-AVERAGE($R$2:$R$139))/STDEV($R$2:$R$139))*'Weights & Params'!$B$14
A7: =RANK(O7,$O$2:$O$139,0) | B7: Arizona State | C7: =INDEX('Auto Feed'!$B$2:$B$139,MATCH($B7,'Auto Feed'!$A$2:$A$139,0)) | D7: =INDEX('Weekly Input'!$B$2:$B$139,MATCH($B7,'Weekly Input'!$A$2:$A$139,0)) | E7: =INDEX('Auto Feed'!$C$2:$C$139,MATCH($B7,'Auto Feed'!$A$2:$A$139,0)) | F7: =INDEX('Auto Feed'!$D$2:$D$139,MATCH($B7,'Auto Feed'!$A$2:$A$139,0)) | G7: =INDEX('Auto Feed'!$E$2:$E$139,MATCH($B7,'Auto Feed'!$A$2:$A$139,0)) | H7: =INDEX('Auto Feed'!$F$2:$F$139,MATCH($B7,'Auto Feed'!$A$2:$A$139,0)) | I7: =INDEX('Auto Feed'!$G$2:$G$139,MATCH($B7,'Auto Feed'!$A$2:$A$139,0)) | J7: =INDEX('Auto Feed'!$H$2:$H$139,MATCH($B7,'Auto Feed'!$A$2:$A$139,0)) | K7: =((G7-AVERAGE('Auto Feed'!$E$2:$E$139))/STDEV('Auto Feed'!$E$2:$E$139))+((H7-AVERAGE('Auto Feed'!$F$2:$F$139))/STDEV('Auto Feed'!$F$2:$F$139))+((I7-AVERAGE('Auto Feed'!$G$2:$G$139))/STDEV('Auto Feed'!$G$2:$G$139))-((J7-AVERAGE('Auto Feed'!$H$2:$H$139))/STDEV('Auto Feed'!$H$2:$H$139)) | L7: =((E7-AVERAGE('Auto Feed'!$C$2:$C$139))/STDEV('Auto Feed'!$C$2:$C$139))*'Weights & Params'!$B$14 | M7: =((F7-AVERAGE('Auto Feed'!$D$2:$D$139))/STDEV('Auto Feed'!$D$2:$D$139))*'Weights & Params'!$B$14 | N7: =((K7-AVERAGE($K$2:$K$139))/STDEV($K$2:$K$139))*'Weights & Params'!$B$14 | O7: ='Weights & Params'!$B$5*D7+'Weights & Params'!$B$6*L7+'Weights & Params'!$B$7*M7+'Weights & Params'!$B$8*N7+'Weights & Params'!$B$17*S7 | P7: =INDEX('Auto Feed'!$I$2:$I$139,MATCH($B7,'Auto Feed'!$A$2:$A$139,0)) | Q7: =INDEX('Auto Feed'!$J$2:$J$139,MATCH($B7,'Auto Feed'!$A$2:$A$139,0)) | R7: =((P7-AVERAGE('Auto Feed'!$I$2:$I$139))/STDEV('Auto Feed'!$I$2:$I$139))-((Q7-AVERAGE('Auto Feed'!$J$2:$J$139))/STDEV('Auto Feed'!$J$2:$J$139)) | S7: =((R7-AVERAGE($R$2:$R$139))/STDEV($R$2:$R$139))*'Weights & Params'!$B$14
A8: =RANK(O8,$O$2:$O$139,0) | B8: Arkansas | C8: =INDEX('Auto Feed'!$B$2:$B$139,MATCH($B8,'Auto Feed'!$A$2:$A$139,0)) | D8: =INDEX('Weekly Input'!$B$2:$B$139,MATCH($B8,'Weekly Input'!$A$2:$A$139,0)) | E8: =INDEX('Auto Feed'!$C$2:$C$139,MATCH($B8,'Auto Feed'!$A$2:$A$139,0)) | F8: =INDEX('Auto Feed'!$D$2:$D$139,MATCH($B8,'Auto Feed'!$A$2:$A$139,0)) | G8: =INDEX('Auto Feed'!$E$2:$E$139,MATCH($B8,'Auto Feed'!$A$2:$A$139,0)) | H8: =INDEX('Auto Feed'!$F$2:$F$139,MATCH($B8,'Auto Feed'!$A$2:$A$139,0)) | I8: =INDEX('Auto Feed'!$G$2:$G$139,MATCH($B8,'Auto Feed'!$A$2:$A$139,0)) | J8: =INDEX('Auto Feed'!$H$2:$H$139,MATCH($B8,'Auto Feed'!$A$2:$A$139,0)) | K8: =((G8-AVERAGE('Auto Feed'!$E$2:$E$139))/STDEV('Auto Feed'!$E$2:$E$139))+((H8-AVERAGE('Auto Feed'!$F$2:$F$139))/STDEV('Auto Feed'!$F$2:$F$139))+((I8-AVERAGE('Auto Feed'!$G$2:$G$139))/STDEV('Auto Feed'!$G$2:$G$139))-((J8-AVERAGE('Auto Feed'!$H$2:$H$139))/STDEV('Auto Feed'!$H$2:$H$139)) | L8: =((E8-AVERAGE('Auto Feed'!$C$2:$C$139))/STDEV('Auto Feed'!$C$2:$C$139))*'Weights & Params'!$B$14 | M8: =((F8-AVERAGE('Auto Feed'!$D$2:$D$139))/STDEV('Auto Feed'!$D$2:$D$139))*'Weights & Params'!$B$14 | N8: =((K8-AVERAGE($K$2:$K$139))/STDEV($K$2:$K$139))*'Weights & Params'!$B$14 | O8: ='Weights & Params'!$B$5*D8+'Weights & Params'!$B$6*L8+'Weights & Params'!$B$7*M8+'Weights & Params'!$B$8*N8+'Weights & Params'!$B$17*S8 | P8: =INDEX('Auto Feed'!$I$2:$I$139,MATCH($B8,'Auto Feed'!$A$2:$A$139,0)) | Q8: =INDEX('Auto Feed'!$J$2:$J$139,MATCH($B8,'Auto Feed'!$A$2:$A$139,0)) | R8: =((P8-AVERAGE('Auto Feed'!$I$2:$I$139))/STDEV('Auto Feed'!$I$2:$I$139))-((Q8-AVERAGE('Auto Feed'!$J$2:$J$139))/STDEV('Auto Feed'!$J$2:$J$139)) | S8: =((R8-AVERAGE($R$2:$R$139))/STDEV($R$2:$R$139))*'Weights & Params'!$B$14
A9: =RANK(O9,$O$2:$O$139,0) | B9: Arkansas State | C9: =INDEX('Auto Feed'!$B$2:$B$139,MATCH($B9,'Auto Feed'!$A$2:$A$139,0)) | D9: =INDEX('Weekly Input'!$B$2:$B$139,MATCH($B9,'Weekly Input'!$A$2:$A$139,0)) | E9: =INDEX('Auto Feed'!$C$2:$C$139,MATCH($B9,'Auto Feed'!$A$2:$A$139,0)) | F9: =INDEX('Auto Feed'!$D$2:$D$139,MATCH($B9,'Auto Feed'!$A$2:$A$139,0)) | G9: =INDEX('Auto Feed'!$E$2:$E$139,MATCH($B9,'Auto Feed'!$A$2:$A$139,0)) | H9: =INDEX('Auto Feed'!$F$2:$F$139,MATCH($B9,'Auto Feed'!$A$2:$A$139,0)) | I9: =INDEX('Auto Feed'!$G$2:$G$139,MATCH($B9,'Auto Feed'!$A$2:$A$139,0)) | J9: =INDEX('Auto Feed'!$H$2:$H$139,MATCH($B9,'Auto Feed'!$A$2:$A$139,0)) | K9: =((G9-AVERAGE('Auto Feed'!$E$2:$E$139))/STDEV('Auto Feed'!$E$2:$E$139))+((H9-AVERAGE('Auto Feed'!$F$2:$F$139))/STDEV('Auto Feed'!$F$2:$F$139))+((I9-AVERAGE('Auto Feed'!$G$2:$G$139))/STDEV('Auto Feed'!$G$2:$G$139))-((J9-AVERAGE('Auto Feed'!$H$2:$H$139))/STDEV('Auto Feed'!$H$2:$H$139)) | L9: =((E9-AVERAGE('Auto Feed'!$C$2:$C$139))/STDEV('Auto Feed'!$C$2:$C$139))*'Weights & Params'!$B$14 | M9: =((F9-AVERAGE('Auto Feed'!$D$2:$D$139))/STDEV('Auto Feed'!$D$2:$D$139))*'Weights & Params'!$B$14 | N9: =((K9-AVERAGE($K$2:$K$139))/STDEV($K$2:$K$139))*'Weights & Params'!$B$14 | O9: ='Weights & Params'!$B$5*D9+'Weights & Params'!$B$6*L9+'Weights & Params'!$B$7*M9+'Weights & Params'!$B$8*N9+'Weights & Params'!$B$17*S9 | P9: =INDEX('Auto Feed'!$I$2:$I$139,MATCH($B9,'Auto Feed'!$A$2:$A$139,0)) | Q9: =INDEX('Auto Feed'!$J$2:$J$139,MATCH($B9,'Auto Feed'!$A$2:$A$139,0)) | R9: =((P9-AVERAGE('Auto Feed'!$I$2:$I$139))/STDEV('Auto Feed'!$I$2:$I$139))-((Q9-AVERAGE('Auto Feed'!$J$2:$J$139))/STDEV('Auto Feed'!$J$2:$J$139)) | S9: =((R9-AVERAGE($R$2:$R$139))/STDEV($R$2:$R$139))*'Weights & Params'!$B$14
A10: =RANK(O10,$O$2:$O$139,0) | B10: Army | C10: =INDEX('Auto Feed'!$B$2:$B$139,MATCH($B10,'Auto Feed'!$A$2:$A$139,0)) | D10: =INDEX('Weekly Input'!$B$2:$B$139,MATCH($B10,'Weekly Input'!$A$2:$A$139,0)) | E10: =INDEX('Auto Feed'!$C$2:$C$139,MATCH($B10,'Auto Feed'!$A$2:$A$139,0)) | F10: =INDEX('Auto Feed'!$D$2:$D$139,MATCH($B10,'Auto Feed'!$A$2:$A$139,0)) | G10: =INDEX('Auto Feed'!$E$2:$E$139,MATCH($B10,'Auto Feed'!$A$2:$A$139,0)) | H10: =INDEX('Auto Feed'!$F$2:$F$139,MATCH($B10,'Auto Feed'!$A$2:$A$139,0)) | I10: =INDEX('Auto Feed'!$G$2:$G$139,MATCH($B10,'Auto Feed'!$A$2:$A$139,0)) | J10: =INDEX('Auto Feed'!$H$2:$H$139,MATCH($B10,'Auto Feed'!$A$2:$A$139,0)) | K10: =((G10-AVERAGE('Auto Feed'!$E$2:$E$139))/STDEV('Auto Feed'!$E$2:$E$139))+((H10-AVERAGE('Auto Feed'!$F$2:$F$139))/STDEV('Auto Feed'!$F$2:$F$139))+((I10-AVERAGE('Auto Feed'!$G$2:$G$139))/STDEV('Auto Feed'!$G$2:$G$139))-((J10-AVERAGE('Auto Feed'!$H$2:$H$139))/STDEV('Auto Feed'!$H$2:$H$139)) | L10: =((E10-AVERAGE('Auto Feed'!$C$2:$C$139))/STDEV('Auto Feed'!$C$2:$C$139))*'Weights & Params'!$B$14 | M10: =((F10-AVERAGE('Auto Feed'!$D$2:$D$139))/STDEV('Auto Feed'!$D$2:$D$139))*'Weights & Params'!$B$14 | N10: =((K10-AVERAGE($K$2:$K$139))/STDEV($K$2:$K$139))*'Weights & Params'!$B$14 | O10: ='Weights & Params'!$B$5*D10+'Weights & Params'!$B$6*L10+'Weights & Params'!$B$7*M10+'Weights & Params'!$B$8*N10+'Weights & Params'!$B$17*S10 | P10: =INDEX('Auto Feed'!$I$2:$I$139,MATCH($B10,'Auto Feed'!$A$2:$A$139,0)) | Q10: =INDEX('Auto Feed'!$J$2:$J$139,MATCH($B10,'Auto Feed'!$A$2:$A$139,0)) | R10: =((P10-AVERAGE('Auto Feed'!$I$2:$I$139))/STDEV('Auto Feed'!$I$2:$I$139))-((Q10-AVERAGE('Auto Feed'!$J$2:$J$139))/STDEV('Auto Feed'!$J$2:$J$139)) | S10: =((R10-AVERAGE($R$2:$R$139))/STDEV($R$2:$R$139))*'Weights & Params'!$B$14
A11: =RANK(O11,$O$2:$O$139,0) | B11: Auburn | C11: =INDEX('Auto Feed'!$B$2:$B$139,MATCH($B11,'Auto Feed'!$A$2:$A$139,0)) | D11: =INDEX('Weekly Input'!$B$2:$B$139,MATCH($B11,'Weekly Input'!$A$2:$A$139,0)) | E11: =INDEX('Auto Feed'!$C$2:$C$139,MATCH($B11,'Auto Feed'!$A$2:$A$139,0)) | F11: =INDEX('Auto Feed'!$D$2:$D$139,MATCH($B11,'Auto Feed'!$A$2:$A$139,0)) | G11: =INDEX('Auto Feed'!$E$2:$E$139,MATCH($B11,'Auto Feed'!$A$2:$A$139,0)) | H11: =INDEX('Auto Feed'!$F$2:$F$139,MATCH($B11,'Auto Feed'!$A$2:$A$139,0)) | I11: =INDEX('Auto Feed'!$G$2:$G$139,MATCH($B11,'Auto Feed'!$A$2:$A$139,0)) | J11: =INDEX('Auto Feed'!$H$2:$H$139,MATCH($B11,'Auto Feed'!$A$2:$A$139,0)) | K11: =((G11-AVERAGE('Auto Feed'!$E$2:$E$139))/STDEV('Auto Feed'!$E$2:$E$139))+((H11-AVERAGE('Auto Feed'!$F$2:$F$139))/STDEV('Auto Feed'!$F$2:$F$139))+((I11-AVERAGE('Auto Feed'!$G$2:$G$139))/STDEV('Auto Feed'!$G$2:$G$139))-((J11-AVERAGE('Auto Feed'!$H$2:$H$139))/STDEV('Auto Feed'!$H$2:$H$139)) | L11: =((E11-AVERAGE('Auto Feed'!$C$2:$C$139))/STDEV('Auto Feed'!$C$2:$C$139))*'Weights & Params'!$B$14 | M11: =((F11-AVERAGE('Auto Feed'!$D$2:$D$139))/STDEV('Auto Feed'!$D$2:$D$139))*'Weights & Params'!$B$14 | N11: =((K11-AVERAGE($K$2:$K$139))/STDEV($K$2:$K$139))*'Weights & Params'!$B$14 | O11: ='Weights & Params'!$B$5*D11+'Weights & Params'!$B$6*L11+'Weights & Params'!$B$7*M11+'Weights & Params'!$B$8*N11+'Weights & Params'!$B$17*S11 | P11: =INDEX('Auto Feed'!$I$2:$I$139,MATCH($B11,'Auto Feed'!$A$2:$A$139,0)) | Q11: =INDEX('Auto Feed'!$J$2:$J$139,MATCH($B11,'Auto Feed'!$A$2:$A$139,0)) | R11: =((P11-AVERAGE('Auto Feed'!$I$2:$I$139))/STDEV('Auto Feed'!$I$2:$I$139))-((Q11-AVERAGE('Auto Feed'!$J$2:$J$139))/STDEV('Auto Feed'!$J$2:$J$139)) | S11: =((R11-AVERAGE($R$2:$R$139))/STDEV($R$2:$R$139))*'Weights & Params'!$B$14
A12: =RANK(O12,$O$2:$O$139,0) | B12: BYU | C12: =INDEX('Auto Feed'!$B$2:$B$139,MATCH($B12,'Auto Feed'!$A$2:$A$139,0)) | D12: =INDEX('Weekly Input'!$B$2:$B$139,MATCH($B12,'Weekly Input'!$A$2:$A$139,0)) | E12: =INDEX('Auto Feed'!$C$2:$C$139,MATCH($B12,'Auto Feed'!$A$2:$A$139,0)) | F12: =INDEX('Auto Feed'!$D$2:$D$139,MATCH($B12,'Auto Feed'!$A$2:$A$139,0)) | G12: =INDEX('Auto Feed'!$E$2:$E$139,MATCH($B12,'Auto Feed'!$A$2:$A$139,0)) | H12: =INDEX('Auto Feed'!$F$2:$F$139,MATCH($B12,'Auto Feed'!$A$2:$A$139,0)) | I12: =INDEX('Auto Feed'!$G$2:$G$139,MATCH($B12,'Auto Feed'!$A$2:$A$139,0)) | J12: =INDEX('Auto Feed'!$H$2:$H$139,MATCH($B12,'Auto Feed'!$A$2:$A$139,0)) | K12: =((G12-AVERAGE('Auto Feed'!$E$2:$E$139))/STDEV('Auto Feed'!$E$2:$E$139))+((H12-AVERAGE('Auto Feed'!$F$2:$F$139))/STDEV('Auto Feed'!$F$2:$F$139))+((I12-AVERAGE('Auto Feed'!$G$2:$G$139))/STDEV('Auto Feed'!$G$2:$G$139))-((J12-AVERAGE('Auto Feed'!$H$2:$H$139))/STDEV('Auto Feed'!$H$2:$H$139)) | L12: =((E12-AVERAGE('Auto Feed'!$C$2:$C$139))/STDEV('Auto Feed'!$C$2:$C$139))*'Weights & Params'!$B$14 | M12: =((F12-AVERAGE('Auto Feed'!$D$2:$D$139))/STDEV('Auto Feed'!$D$2:$D$139))*'Weights & Params'!$B$14 | N12: =((K12-AVERAGE($K$2:$K$139))/STDEV($K$2:$K$139))*'Weights & Params'!$B$14 | O12: ='Weights & Params'!$B$5*D12+'Weights & Params'!$B$6*L12+'Weights & Params'!$B$7*M12+'Weights & Params'!$B$8*N12+'Weights & Params'!$B$17*S12 | P12: =INDEX('Auto Feed'!$I$2:$I$139,MATCH($B12,'Auto Feed'!$A$2:$A$139,0)) | Q12: =INDEX('Auto Feed'!$J$2:$J$139,MATCH($B12,'Auto Feed'!$A$2:$A$139,0)) | R12: =((P12-AVERAGE('Auto Feed'!$I$2:$I$139))/STDEV('Auto Feed'!$I$2:$I$139))-((Q12-AVERAGE('Auto Feed'!$J$2:$J$139))/STDEV('Auto Feed'!$J$2:$J$139)) | S12: =((R12-AVERAGE($R$2:$R$139))/STDEV($R$2:$R$139))*'Weights & Params'!$B$14
A13: =RANK(O13,$O$2:$O$139,0) | B13: Ball State | C13: =INDEX('Auto Feed'!$B$2:$B$139,MATCH($B13,'Auto Feed'!$A$2:$A$139,0)) | D13: =INDEX('Weekly Input'!$B$2:$B$139,MATCH($B13,'Weekly Input'!$A$2:$A$139,0)) | E13: =INDEX('Auto Feed'!$C$2:$C$139,MATCH($B13,'Auto Feed'!$A$2:$A$139,0)) | F13: =INDEX('Auto Feed'!$D$2:$D$139,MATCH($B13,'Auto Feed'!$A$2:$A$139,0)) | G13: =INDEX('Auto Feed'!$E$2:$E$139,MATCH($B13,'Auto Feed'!$A$2:$A$139,0)) | H13: =INDEX('Auto Feed'!$F$2:$F$139,MATCH($B13,'Auto Feed'!$A$2:$A$139,0)) | I13: =INDEX('Auto Feed'!$G$2:$G$139,MATCH($B13,'Auto Feed'!$A$2:$A$139,0)) | J13: =INDEX('Auto Feed'!$H$2:$H$139,MATCH($B13,'Auto Feed'!$A$2:$A$139,0)) | K13: =((G13-AVERAGE('Auto Feed'!$E$2:$E$139))/STDEV('Auto Feed'!$E$2:$E$139))+((H13-AVERAGE('Auto Feed'!$F$2:$F$139))/STDEV('Auto Feed'!$F$2:$F$139))+((I13-AVERAGE('Auto Feed'!$G$2:$G$139))/STDEV('Auto Feed'!$G$2:$G$139))-((J13-AVERAGE('Auto Feed'!$H$2:$H$139))/STDEV('Auto Feed'!$H$2:$H$139)) | L13: =((E13-AVERAGE('Auto Feed'!$C$2:$C$139))/STDEV('Auto Feed'!$C$2:$C$139))*'Weights & Params'!$B$14 | M13: =((F13-AVERAGE('Auto Feed'!$D$2:$D$139))/STDEV('Auto Feed'!$D$2:$D$139))*'Weights & Params'!$B$14 | N13: =((K13-AVERAGE($K$2:$K$139))/STDEV($K$2:$K$139))*'Weights & Params'!$B$14 | O13: ='Weights & Params'!$B$5*D13+'Weights & Params'!$B$6*L13+'Weights & Params'!$B$7*M13+'Weights & Params'!$B$8*N13+'Weights & Params'!$B$17*S13 | P13: =INDEX('Auto Feed'!$I$2:$I$139,MATCH($B13,'Auto Feed'!$A$2:$A$139,0)) | Q13: =INDEX('Auto Feed'!$J$2:$J$139,MATCH($B13,'Auto Feed'!$A$2:$A$139,0)) | R13: =((P13-AVERAGE('Auto Feed'!$I$2:$I$139))/STDEV('Auto Feed'!$I$2:$I$139))-((Q13-AVERAGE('Auto Feed'!$J$2:$J$139))/STDEV('Auto Feed'!$J$2:$J$139)) | S13: =((R13-AVERAGE($R$2:$R$139))/STDEV($R$2:$R$139))*'Weights & Params'!$B$14
... A139: =RANK(O139,$O$2:$O$139,0) | B139: Sacramento State | C139: =INDEX('Auto Feed'!$B$2:$B$139,MATCH($B139,'Auto Feed'!$A$2:$A$139,0)) | D139: =INDEX('Weekly Input'!$B$2:$B$139,MATCH($B139,'Weekly Input'!$A$2:$A$139,0)) | E139: =INDEX('Auto Feed'!$C$2:$C$139,MATCH($B139,'Auto Feed'!$A$2:$A$139,0)) | F139: =INDEX('Auto Feed'!$D$2:$D$139,MATCH($B139,'Auto Feed'!$A$2:$A$139,0)) | G139: =INDEX('Auto Feed'!$E$2:$E$139,MATCH($B139,'Auto Feed'!$A$2:$A$139,0)) | H139: =INDEX('Auto Feed'!$F$2:$F$139,MATCH($B139,'Auto Feed'!$A$2:$A$139,0)) | I139: =INDEX('Auto Feed'!$G$2:$G$139,MATCH($B139,'Auto Feed'!$A$2:$A$139,0)) | J139: =INDEX('Auto Feed'!$H$2:$H$139,MATCH($B139,'Auto Feed'!$A$2:$A$139,0)) | K139: =((G139-AVERAGE('Auto Feed'!$E$2:$E$139))/STDEV('Auto Feed'!$E$2:$E$139))+((H139-AVERAGE('Auto Feed'!$F$2:$F$139))/STDEV('Auto Feed'!$F$2:$F$139))+((I139-AVERAGE('Auto Feed'!$G$2:$G$139))/STDEV('Auto Feed'!$G$2:$G$139))-((J139-AVERAGE('Auto Feed'!$H$2:$H$139))/STDEV('Auto Feed'!$H$2:$H$139)) | L139: =((E139-AVERAGE('Auto Feed'!$C$2:$C$139))/STDEV('Auto Feed'!$C$2:$C$139))*'Weights & Params'!$B$14 | M139: =((F139-AVERAGE('Auto Feed'!$D$2:$D$139))/STDEV('Auto Feed'!$D$2:$D$139))*'Weights & Params'!$B$14 | N139: =((K139-AVERAGE($K$2:$K$139))/STDEV($K$2:$K$139))*'Weights & Params'!$B$14 | O139: ='Weights & Params'!$B$5*D139+'Weights & Params'!$B$6*L139+'Weights & Params'!$B$7*M139+'Weights & Params'!$B$8*N139+'Weights & Params'!$B$17*S139 | P139: =INDEX('Auto Feed'!$I$2:$I$139,MATCH($B139,'Auto Feed'!$A$2:$A$139,0)) | Q139: =INDEX('Auto Feed'!$J$2:$J$139,MATCH($B139,'Auto Feed'!$A$2:$A$139,0)) | R139: =((P139-AVERAGE('Auto Feed'!$I$2:$I$139))/STDEV('Auto Feed'!$I$2:$I$139))-((Q139-AVERAGE('Auto Feed'!$J$2:$J$139))/STDEV('Auto Feed'!$J$2:$J$139)) | S139: =((R139-AVERAGE($R$2:$R$139))/STDEV($R$2:$R$139))*'Weights & Params'!$B$14

Sheet Weekly Input
A1: Team | B1: SP+ Overall | C1: SP+ Offense | D1: SP+ Defense | E1: Yards / Play
A2: Air Force | B2: -2.8 | C2: 25.4 | D2: 28.3 | E2: 5.81
A3: Akron | B3: -20.8 | C3: 13.4 | D3: 33.6 | E3: 5.22
A4: Alabama | B4: 19.5 | C4: 34.5 | D4: 14.7 | E4: 6.65
A5: Appalachian State | B5: -6.3 | C5: 23.4 | D5: 30.1 | E5: 6.72
A6: Arizona | B6: 9.8 | C6: 31.7 | D6: 21.6 | E6: 6.51
A7: Arizona State | B7: 5.3 | C7: 27.5 | D7: 21.7 | E7: 6.39
A8: Arkansas | B8: -0.3 | C8: 30.6 | D8: 31.1 | E8: 4.59
A9: Arkansas State | B9: -9.5 | C9: 23.7 | D9: 33.3 | E9: 6.39
A10: Army | B10: 0.2 | C10: 26.5 | D10: 26.3 | E10: 7.54
A11: Auburn | B11: 11.6 | C11: 29.3 | D11: 18 | E11: 6.07
A12: BYU | B12: 17.5 | C12: 35 | D12: 17.7 | E12: 7.94
A13: Ball State | B13: -24.3 | C13: 13.5 | D13: 37.2 | E13: 4.93
... A139: Sacramento State | B139: -20.9 | C139: 13.8 | D139: 34.6 | E139: 4.95

Sheet Auto Feed
A1: Team | B1: Conference | C1: Talent Composite | D1: Recent Form (4wk) | E1: Success Rate | F1: Explosiveness | G1: Offense PPA | H1: Defense PPA | I1: Def Havoc | J1: Off Havoc Allowed
A2: Air Force | B2: Mountain West | C2: 272.35 | D2: 14 | E2: 0.5238 | F2: 0.9837 | G2: 0.32 | H2: -0.08 | I2: 0.142 | J2: 0.054
A3: Akron | B3: MAC | C3: 546.84 | D3: -7 | E3: 0.4627 | F3: 0.9643 | G3: 0.08 | H3: 0.18 | I3: 0.175 | J3: 0.199
A4: Alabama | B4: SEC | C4: 973.53 | D4: 26.7 | E4: 0.5 | F4: 1.2116 | G4: 0.28 | H4: -0.11 | I4: 0.218 | J4: 0.157
A5: Appalachian State | B5: Sun Belt | C5: 621.61 | D5: 20 | E5: 0.48 | F5: 1.3106 | G5: 0.28 | H5: 0 | I5: 0.187 | J5: 0.116
A6: Arizona | B6: Big 12 | C6: 699.59 | D6: 14 | E6: 0.5196 | F6: 1.1196 | G6: 0.23 | H6: 0.04 | I6: 0.156 | J6: 0.108
A7: Arizona State | B7: Big 12 | C7: 722 | D7: 14 | E7: 0.4158 | F7: 1.3965 | G7: 0.06 | H7: 0.02 | I7: 0.159 | J7: 0.163
A8: Arkansas | B8: SEC | C8: 745.48 | D8: -14.7 | E8: 0.4248 | F8: 1.1063 | G8: 0.04 | H8: 0.23 | I8: 0.132 | J8: 0.195
A9: Arkansas State | B9: Sun Belt | C9: 606.22 | D9: 1 | E9: 0.4885 | F9: 1.1593 | G9: 0.12 | H9: 0.19 | I9: 0.126 | J9: 0.138
A10: Army | B10: American | C10: 303.83 | D10: 26 | E10: 0.5882 | F10: 1.0231 | G10: 0.42 | H10: 0.11 | I10: 0.155 | J10: 0.051
A11: Auburn | B11: SEC | C11: 828.19 | D11: 10.3 | E11: 0.4493 | F11: 1.2562 | G11: 0.14 | H11: 0.04 | I11: 0.164 | J11: 0.163
A12: BYU | B12: Big 12 | C12: 689.42 | D12: 28.3 | E12: 0.5989 | F12: 1.1574 | G12: 0.45 | H12: -0.06 | I12: 0.171 | J12: 0.059
A13: Ball State | B13: MAC | C13: 563.88 | D13: -21.7 | E13: 0.3579 | F13: 1.305 | G13: 0.04 | H13: 0.37 | I13: 0.129 | J13: 0.205
... A139: Sacramento State | B139: Mid-American | C139: 561.42 | D139: -6.5 | E139: 0.4111 | F139: 1.1127 | G139: -0.04 | H139: 0.1 | I139: 0.133 | J139: 0.178

Sheet Weights & Params
A1: Weights & Model Parameters
A4: BLEND WEIGHTS (how the power rating is mixed)
A5: SP+ Baseline | B5: 0.4
A6: Roster Talent | B6: 0.25
A7: Recent Form (4-week) | B7: 0.25
A8: Efficiency (SR / Expl / PPA) | B8: 0.1
A9: TOTAL (must = 100%) | B9: =SUM(B5:B8) | C9: =IF(ROUND(B9,4)=1,"OK","FIX: weights must total 100%")
A11: GAME PARAMETERS
A12: Home-Field Advantage (pts) | B12: 2.5
A13: Outcome Std Dev σ (pts) | B13: 16
A14: SP+ Std Dev (auto) | B14: =STDEV('Weekly Input'!$B$2:$B$139)
A16: HAVOC TILT (added on top of the 100% blend)
A17: Havoc weight | B17: 0.05
